52,145,52,144,53,145,51,146,52,146,54,144,54,145,51,143,53,144,51,144,53,143,52,143,55,144,54,143,52,142,55,145,53,142,51,145,50,146,50,145,56,145,54,142,55,143,56,144,56,146,53,146,52,147,52,148,51,147,53,147,55,146,53,148,55,142,57,146,57,144,57,145,57,147,57,143,54,148,56,142,56,147,57,142,54,149,56,143,49,146,58,145,53,149,58,143,52,149,55,149,58,146,56,150,59,145,56,151,55,147,51,148,48,145,58,142,58,144,49,147,53,150,59,142,56,149,49,148,56,141,55,148,55,141,51,149,47,144,56,148,57,141,59,146,47,146,55,140,59,147,49,149,51,150,52,150,57,148,59,148,58,141,59,141,53,151,57,149,57,140,57,151,48,144,52,152,60,141,58,148,58,140,51,151,51,141,58,149,60,147,60,145
102,85,101,84,100,85,102,84,101,85,100,86,101,86,103,83,102,86,104,84,99,85,105,83,101,83,100,84,99,83,103,85,100,87,98,84,103,84,98,85,100,88,103,86,97,85,99,84,100,83,104,85,100,82,104,86,99,86,105,86,104,83,101,87,102,82,101,81,104,87,103,82,105,87,98,86,105,82,101,82,101,88,105,85,106,87,103,87,101,89,106,88,103,88,106,84,104,88,105,84,107,88,106,85,105,88,102,87,100,81,104,82,102,81,102,88,107,86,104,81,105,81,103,81,104,80,105,89
67,78,68,78,68,77,69,78,66,79,66,78,67,77,69,77,66,77,65,79,65,80,69,79,67,76,70,79,68,76,70,78,66,76,70,77,66,81,69,76,70,76,66,80,65,78,71,78,64,77,65,81,67,81,70,75,71,79,68,82,64,80,64,79
30,39,31,38,32,37,31,37,32,38,31,39,33,39,32,36,29,39,31,36,31,35,30,35,32,35,33,35,30,38,29,40,32,34,28,38,31,33,28,41,30,34,29,38,31,34,32,40,30,36,28,40,29,36,32,32,31,31,28,37,29,37,28,36,27,41,28,35,32,31,33,33,27,37,27,35,33,32,34,33,33,34,32,33,31,32,30,31,27,40,27,36
77,119,78,119,78,118,77,120,77,117,78,116,77,115,77,121,79,118,78,115,80,118,76,118,76,119,78,120,77,114,79,120,78,113,79,114,77,116,78,114
123,143,123,144,124,143,122,143,125,144,122,144,122,145,121,144,123,146,123,145,120,144,122,142,123,142,126,143,125,143,124,142,126,144,123,141,120,143,124,141,119,144,126,145,125,142,126,141,126,142,124,140,123,140,125,141,125,140,125,145,124,146,120,142,123,147,121,142,127,143,122,141,118,144,121,140,121,141,122,140,122,146,128,142,126,146,124,147,129,142,120,141,127,141,122,147,126,140,122,139,124,148,121,146,125,146,120,140
61,138,61,139,62,139,61,140,60,139,62,138,62,137,60,140,61,137,61,141
124,70,123,69,123,70,124,71,124,72,123,73,125,69,125,70
113,165,113,164,112,164,111,165,112,163,111,164,110,164,111,163,110,163,112,165,113,166,111,166
32,67,31,66,30,65,30,67,30,68,29,68,28,67,32,65,33,66,29,69,28,69,31,69,33,65,34,67,34,65,27,68,32,64,33,64,34,63,31,67,29,65,31,68,32,63,32,66,31,63,34,64
127,146,128,147,128,146,127,148,127,147,128,148,129,147,126,147,127,149,126,148,128,149,128,150,129,145
50,141,50,140,49,141,49,142,51,140,52,139,49,140
118,101,117,102,119,101,119,102,119,103,120,102,120,100,116,103
143,113,143,114,144,112,142,114,142,115,141,115,140,116,141,116,140,117
87,138,88,137,88,136,86,139,85,139,87,136,89,138,87,139,88,138,90,139,88,135,89,137,89,139,88,139
58,108,57,108,58,107,57,107,58,109,57,109,57,106,57,110,59,110,59,107,58,110,58,105,58,111,57,111,58,112
71,52,71,53,72,52
124,58,124,57,123,57,123,56,124,56,122,57,122,58
65,98,66,97,66,99,67,97,64,98,65,97,64,99,67,96,65,100
59,122,60,123,61,124,61,123,62,125,60,125,59,126,59,127,61,125,58,127,60,124,59,128
67,70,68,71,68,72,67,73,66,74,67,71,67,72,65,73,66,72,68,74,67,75,66,73,65,71
78,87,79,87,77,86,78,86
63,110,64,111,64,109,63,111,63,112,65,108,64,108,64,110
70,89,70,88
72,128,73,128,74,129,72,127,71,127,75,130,71,126
128,93,127,94,127,93
54,139,53,140,53,139,55,138,52,138,52,140,51,139,53,138
51,32,50,32,52,31,49,32,50,33,49,31,51,31,50,31,51,30,48,31,50,34,49,30,49,33
