84,39,31,22,26,46,42,44,67,139,137,124,116,112,89,83,40,39,44,49,56,63,57,21,83,167,159,148,153,156,158,158,157,154,158,163,171,177,172,137,114,115,77,0,0,123,99,24,0,0,0,0,0,0,0,0,0,0,0,0,0,0,0,0,0,0,0,0,0,0,0,0,0,0,0,0,19,15,0,0,0,0,23,41,36,26,39,48,49,48,47,46,43,43,49,48,41,0,0,0,44,42,40,37,32,32,31,28,28,23,22,22,26,26,27,27,0,28,28,28,0,0,26,30,0,0,0,0,0,0,0,0,0,0,0,0,0,0,0,0,0,0,0,0,0,0,0,0,0,0,0,0,0,0,0,0,0,0,0,0,0,0,0,0,0,0,0,0,0,0,0,0,0,0,0,0,0,0,0,0,0,0,0,0,0,0,0,0,0,0,0,0,0,0,0,0,0
59,20,11,12,16,20,22,35,42,101,124,108,93,84,44,36,36,35,35,43,51,49,0,0,146,150,95,89,68,97,141,142,135,127,131,108,152,160,146,118,96,91,72,0,0,106,9,0,0,0,0,0,0,0,0,0,0,0,0,0,0,0,0,0,0,0,0,0,0,0,0,0,0,0,0,18,17,9,0,0,0,0,0,9,0,0,0,14,40,39,35,24,37,41,45,48,48,49,46,45,42,39,36,32,31,31,29,27,21,20,20,21,23,25,27,27,27,0,28,28,27,0,17,29,6,0,0,0,0,0,0,0,0,0,0,0,0,0,0,0,0,0,0,0,0,0,0,0,0,0,0,0,0,0,0,0,0,0,0,0,0,0,0,0,0,0,0,0,0,0,0,0,0,0,0,0,0,0,0,0,0,0,0,0,0,0,0,0,0,0,0,0,0,0,0,0,0
44,5,5,5,8,9,9,11,19,65,110,94,69,42,25,21,22,22,17,37,44,45,20,67,136,138,143,104,94,89,117,106,123,121,90,60,72,146,150,99,81,72,74,112,124,0,0,0,0,0,0,0,0,0,0,0,0,0,0,0,0,0,0,0,0,0,0,0,0,0,0,0,0,0,25,11,0,0,0,0,0,0,0,0,0,0,0,0,0,19,0,0,9,38,43,47,48,49,45,40,38,32,32,30,29,28,28,21,20,20,21,21,21,24,26,26,27,9,15,0,27,9,17,6,0,0,0,0,0,0,0,0,0,0,0,0,0,0,0,0,0,0,0,0,0,0,0,0,0,0,0,0,0,0,0,0,0,0,0,0,0,0,0,0,0,0,0,0,0,0,0,0,0,0,0,0,0,0,0,0,0,0,0,0,0,0,0,0,0,0,0,0,0,0,0,0,0
37,5,5,4,5,6,6,9,14,25,94,81,55,20,18,13,11,10,0,31,39,43,53,120,130,135,136,89,72,64,64,63,80,80,96,57,65,139,138,93,72,79,95,77,121,196,187,103,36,78,76,82,0,0,0,0,0,0,0,0,17,0,0,0,0,0,0,0,0,0,0,0,0,30,26,0,0,0,0,0,0,0,0,0,0,0,0,0,0,17,31,0,0,12,37,44,44,43,40,36,32,31,29,27,25,21,20,18,13,0,13,19,21,22,24,27,25,14,0,28,0,0,0,0,0,0,0,0,0,0,0,0,0,0,0,0,0,0,0,0,0,0,0,0,0,0,0,0,0,0,0,0,0,0,0,0,0,0,0,0,0,0,0,0,0,0,0,0,0,0,0,0,0,0,0,0,0,0,0,0,0,0,0,0,0,0,0,0,0,0,0,0,0,0,0,0,0
18,5,3,1,2,4,4,5,11,60,87,55,22,14,11,8,8,0,0,0,14,5,50,53,60,107,123,64,63,63,63,63,80,114,117,55,58,132,130,100,68,73,80,87,173,179,179,183,179,164,132,123,100,97,94,92,84,63,63,63,16,0,0,0,0,0,0,0,0,0,0,0,42,31,4,0,0,0,0,0,0,0,0,0,0,0,0,44,35,6,4,0,0,0,17,37,38,37,33,31,29,26,27,21,19,19,14,0,20,0,0,0,21,23,23,26,26,27,14,27,29,29,0,1,0,0,0,0,0,0,0,0,0,0,0,0,0,0,0,0,0,0,0,0,0,0,0,0,0,0,0,0,0,0,0,0,0,0,0,0,0,0,0,0,0,0,0,0,0,0,0,0,0,0,0,0,0,0,0,0,0,0,0,0,0,0,0,0,0,0,0,0,0,0,0,0,0
1,1,0,0,0,0,0,4,5,58,69,49,10,10,8,0,0,0,0,8,36,39,50,50,49,60,63,63,38,63,63,127,120,117,117,39,57,126,118,62,61,67,72,109,153,149,146,147,140,133,112,98,91,88,86,82,83,82,73,71,68,67,28,32,0,0,0,0,0,0,0,11,43,9,0,0,0,0,0,0,0,0,0,0,0,0,50,40,24,0,0,0,0,0,1,22,28,28,28,27,26,24,20,19,19,18,18,18,19,7,0,0,13,23,24,25,25,26,28,29,29,30,1,6,0,0,0,0,0,0,0,0,0,0,0,0,0,0,0,0,0,0,0,0,0,0,0,0,0,0,0,0,0,0,0,0,0,0,0,0,0,0,0,0,0,0,0,0,0,0,0,0,0,0,0,0,0,0,0,0,0,0,0,0,0,0,0,0,0,0,0,0,0,0,0,0,0
1,0,0,0,0,0,0,4,3,7,74,54,10,8,7,0,0,0,0,0,35,34,39,40,39,24,0,8,61,63,130,121,118,117,114,71,24,117,119,58,43,65,87,137,133,126,122,115,110,108,94,88,80,78,79,79,76,74,71,69,65,64,63,63,62,0,0,0,0,0,0,0,28,33,10,0,0,0,0,0,0,0,0,0,21,54,50,30,0,0,0,0,0,0,0,3,14,18,20,22,20,18,16,15,16,18,18,18,21,21,0,0,11,22,25,25,25,26,28,28,30,30,5,20,0,15,0,0,0,0,0,0,0,0,0,0,0,0,0,0,0,0,0,0,0,0,0,0,0,0,0,0,0,0,0,0,0,0,0,0,0,0,0,0,0,0,0,0,0,0,0,0,0,0,0,0,0,0,0,0,0,0,0,0,0,0,0,0,0,0,0,0,0,0,0,0,0
0,0,0,0,0,0,0,0,4,7,74,58,7,4,0,0,0,0,9,25,37,35,35,34,34,50,64,123,132,132,130,119,116,114,111,72,15,107,116,46,57,118,127,127,119,106,103,94,92,89,82,79,76,73,73,72,71,69,69,67,63,63,63,63,63,63,63,63,63,62,62,61,61,42,24,0,0,0,0,0,0,0,0,46,55,52,36,18,0,0,31,38,0,0,0,0,0,0,16,16,15,15,15,15,18,18,18,19,20,21,21,22,23,24,25,25,23,25,27,28,28,25,19,19,14,20,20,15,0,0,0,0,0,0,0,0,0,0,0,0,0,0,0,0,0,0,0,0,0,0,0,0,0,0,0,0,0,0,0,0,0,0,0,0,0,0,0,0,0,0,0,0,0,0,0,0,0,0,0,0,0,0,0,0,0,0,0,0,0,0,0,0,0,0,0,0,0
0,0,0,0,0,0,0,0,0,54,70,51,5,4,0,0,0,0,18,51,50,27,28,13,40,48,51,86,132,131,124,118,62,62,85,62,60,69,101,19,114,120,122,112,99,91,86,83,83,81,78,75,73,69,67,67,67,64,62,63,63,62,62,63,63,63,63,63,63,57,50,58,62,60,0,0,0,0,0,0,0,48,57,57,54,42,17,0,0,0,30,34,0,0,0,0,0,18,15,14,13,14,15,15,16,17,0,18,20,20,21,22,22,24,25,25,25,26,26,23,24,16,14,14,15,17,19,20,20,19,15,0,0,0,0,0,0,0,0,0,0,8,7,6,9,8,0,0,0,0,0,0,0,0,0,0,0,0,0,0,0,0,0,0,0,0,0,0,0,0,0,0,0,0,0,0,0,0,0,0,0,0,0,0,0,0,0,0,0,0,0,0,0,0,0,0,0
0,0,0,0,0,0,0,0,4,66,67,7,4,0,0,0,0,7,57,70,40,16,20,31,40,48,55,130,131,128,121,116,114,111,111,62,62,62,62,15,113,107,103,89,72,68,71,75,74,77,74,72,71,67,66,63,61,61,61,61,62,61,61,61,62,62,63,62,62,47,0,0,62,40,0,0,0,57,60,60,60,57,57,56,54,27,6,0,0,0,32,36,0,0,0,3,19,16,12,13,12,13,15,15,16,18,17,17,18,18,19,21,22,23,23,23,24,23,24,23,18,17,12,10,14,17,17,18,18,19,22,0,0,0,0,0,0,0,0,0,12,8,6,5,5,8,0,0,0,0,0,0,0,0,0,0,0,0,0,0,0,0,0,0,0,0,0,0,0,0,0,0,0,0,0,0,0,0,0,0,0,0,0,0,0,0,0,0,0,0,0,0,0,0,0,0,0
0,0,0,0,0,0,0,0,4,65,46,4,1,0,0,0,0,0,75,46,9,8,17,21,32,45,54,126,128,125,115,113,106,107,110,107,62,62,62,62,76,83,67,63,62,62,48,72,74,73,72,67,66,66,61,61,61,61,61,61,61,61,61,61,61,60,60,61,61,1,0,0,0,62,61,60,60,60,60,60,57,57,57,54,43,2,0,0,11,0,1,36,30,40,26,22,12,12,12,13,10,11,13,13,16,17,17,16,15,16,17,20,19,19,21,23,23,23,18,17,17,17,13,0,12,15,17,17,18,18,23,26,0,0,0,0,0,0,0,16,7,0,4,4,3,5,7,6,0,0,0,0,0,0,0,0,0,0,0,0,0,0,0,0,0,0,0,0,0,0,0,0,0,0,0,0,0,0,0,0,0,0,0,0,0,0,0,0,0,0,0,0,0,0,0,0,0
10,0,0,0,0,0,0,0,51,39,2,0,0,0,0,0,0,71,73,39,8,8,11,13,19,34,84,116,116,116,114,107,102,100,39,112,65,62,62,62,61,62,62,62,62,61,27,67,69,68,66,63,62,61,61,61,61,61,58,61,61,61,61,61,60,58,60,60,15,0,56,62,62,62,62,60,60,60,60,59,57,56,55,31,6,0,0,0,13,31,32,39,41,33,22,22,16,11,11,10,3,7,10,13,13,16,13,12,12,14,15,15,16,16,17,17,17,17,17,16,14,12,12,10,12,12,16,17,17,18,22,26,0,0,0,0,0,0,27,13,0,4,2,1,2,3,5,5,3,0,0,0,0,0,0,0,0,0,0,0,0,0,0,0,0,0,0,0,0,0,0,0,0,0,0,0,0,0,0,0,0,0,0,0,0,0,0,0,0,0,0,0,0,0,0,0,0
30,2,0,0,0,0,0,35,16,0,0,0,0,0,0,0,7,73,62,41,7,8,8,8,11,18,100,108,103,109,102,95,91,49,32,46,115,62,62,62,47,30,12,62,62,60,60,62,63,62,65,61,61,61,61,61,61,61,60,61,61,61,61,61,58,54,60,60,54,60,60,61,62,62,60,60,60,60,58,55,54,52,39,4,0,0,0,0,0,20,24,40,39,32,22,19,12,10,9,9,0,7,9,9,11,11,10,10,10,11,13,13,14,15,16,16,15,15,13,12,10,10,10,10,11,12,12,15,18,18,20,26,19,0,7,0,0,0,0,0,8,3,1,0,0,1,2,2,2,1,0,0,0,0,0,0,0,0,0,0,0,0,0,0,0,0,0,0,0,0,0,0,0,0,0,0,0,0,0,0,0,0,0,0,0,0,0,0,0,0,0,0,0,0,0,0,0
37,24,15,0,0,0,13,11,3,0,0,0,0,0,0,0,52,71,71,64,28,5,7,7,8,10,90,93,87,95,94,87,81,64,23,75,107,115,116,110,103,100,93,72,68,58,58,58,55,60,60,60,60,59,60,60,60,60,61,61,61,61,61,60,28,60,60,57,60,60,57,60,60,60,60,58,58,58,54,53,53,45,18,0,0,0,0,0,0,0,0,15,29,26,18,12,10,8,10,11,0,0,6,8,9,9,9,8,8,11,11,12,13,13,13,12,12,12,11,9,7,9,9,11,11,12,12,14,15,18,20,25,26,26,18,0,42,35,14,11,5,3,0,0,0,0,1,1,1,0,0,0,0,0,0,0,0,0,0,0,0,0,0,0,0,0,0,0,0,0,0,0,0,0,0,0,0,0,0,0,0,0,0,0,0,0,0,0,0,0,0,0,0,0,0,0,0
43,36,29,11,0,0,3,8,0,0,0,0,0,0,0,2,62,69,69,68,44,0,1,0,4,8,79,77,76,77,80,74,69,60,65,70,71,109,102,99,91,90,88,74,68,66,63,57,56,56,56,56,56,56,56,56,56,56,59,60,60,60,60,59,55,60,60,59,59,1,53,60,60,60,58,57,57,57,56,53,50,31,0,0,0,0,0,0,0,0,0,3,27,22,12,8,5,8,8,9,1,0,0,1,2,2,4,4,3,8,9,11,12,10,9,7,6,7,6,3,7,9,9,10,11,11,11,12,14,15,16,17,26,26,26,54,41,31,22,9,3,2,0,0,0,0,0,0,0,1,0,0,0,0,0,0,0,0,0,0,0,0,0,0,0,0,0,0,0,0,0,0,0,0,0,0,0,0,0,0,0,0,0,0,0,0,0,0,0,0,0,0,0,0,0,0,0
52,43,31,19,5,0,0,1,0,0,0,0,0,0,0,0,65,62,66,64,46,7,0,0,2,8,70,74,71,65,66,66,63,60,29,61,75,86,83,77,67,70,69,65,61,60,55,54,53,46,43,46,43,44,46,43,42,51,56,56,58,58,54,50,53,57,58,50,0,55,60,59,59,57,57,57,57,56,54,51,38,0,0,0,0,0,0,0,0,0,10,27,19,16,8,3,8,8,8,8,0,0,0,0,0,0,0,0,4,7,7,7,7,4,3,0,1,1,2,5,8,9,9,9,10,11,11,12,13,15,15,21,25,26,28,32,36,26,15,8,2,2,0,0,0,0,0,0,0,4,0,0,0,0,0,0,0,0,0,0,0,0,0,0,0,0,0,0,0,0,0,0,0,0,0,0,0,0,0,0,0,0,0,0,0,0,0,0,0,0,0,0,0,0,0,0,0
54,50,49,45,23,4,0,1,0,0,0,0,0,0,0,16,7,58,56,58,56,45,5,0,0,1,64,65,63,62,61,54,51,49,13,56,50,57,52,47,46,50,41,49,48,48,44,39,30,18,22,17,10,7,3,1,1,0,0,1,16,0,0,51,42,48,52,53,56,58,58,57,56,56,57,57,55,52,50,46,0,0,0,0,0,0,0,0,0,25,37,27,15,11,9,7,6,6,7,8,7,0,0,0,0,0,0,0,0,0,0,0,0,0,0,0,0,0,4,6,8,9,9,9,10,11,11,12,12,12,15,19,23,26,84,51,30,22,10,5,2,2,0,0,0,0,0,0,0,7,7,0,0,0,0,0,0,0,0,0,0,0,0,0,0,0,0,0,0,0,0,0,0,0,0,0,0,0,0,0,0,0,0,0,0,0,0,0,0,0,0,0,0,0,0,0,0
57,50,49,45,37,26,20,14,8,0,0,0,0,0,0,0,30,53,50,53,52,47,7,0,0,0,1,57,59,48,46,41,37,34,29,36,39,20,39,32,31,31,28,18,13,25,24,12,3,0,0,0,0,0,0,0,0,0,0,0,0,0,0,48,43,24,2,11,46,52,53,50,52,53,53,53,52,50,11,13,11,0,1,0,0,0,0,0,14,39,26,17,8,4,7,6,6,6,6,6,6,6,0,0,0,0,0,0,0,0,0,0,0,0,0,0,1,1,1,4,7,9,9,10,10,11,11,11,12,12,14,23,23,23,65,30,24,18,7,4,2,2,0,0,0,0,0,0,0,7,7,0,0,0,0,0,0,0,0,0,0,0,0,0,0,0,0,0,0,0,0,0,0,0,0,0,0,0,0,0,0,0,0,0,0,0,0,0,0,0,0,0,0,0,0,3,8
57,50,49,49,23,41,40,23,14,9,0,0,0,0,0,0,5,45,41,41,45,40,17,0,0,0,0,0,51,40,36,31,30,27,26,24,27,13,27,21,7,6,0,0,0,0,0,0,0,0,0,1,0,0,0,0,0,0,0,0,0,0,0,50,50,32,15,35,0,0,0,0,29,38,42,39,32,0,0,47,36,0,0,0,13,38,0,9,41,30,15,7,2,2,4,3,5,5,5,4,6,6,6,0,0,0,0,0,0,0,0,0,0,0,0,0,1,0,1,3,6,7,9,9,10,11,11,11,12,12,13,22,22,22,54,30,24,10,7,5,1,1,0,0,0,0,0,0,0,0,6,6,0,0,0,0,0,0,0,0,0,0,0,0,0,0,0,0,0,0,0,0,0,0,0,0,0,0,0,0,0,0,0,0,0,0,0,0,0,0,0,0,0,0,0,18,6
58,51,49,45,44,41,40,36,33,27,19,17,0,0,0,0,20,33,33,21,1,38,23,0,0,0,8,0,33,30,27,22,17,12,8,6,6,0,6,2,0,0,0,0,0,0,0,0,0,0,0,0,1,0,0,0,0,0,0,0,0,0,0,52,50,36,27,12,0,0,0,37,50,43,26,16,0,0,0,50,29,0,45,47,46,40,20,39,36,14,8,2,2,2,2,2,2,3,2,0,3,6,7,7,0,0,0,0,0,0,0,0,0,0,0,0,0,1,0,1,2,5,9,9,10,10,11,11,12,15,2,21,22,92,0,0,0,0,4,2,1,1,0,0,0,0,0,0,0,0,2,7,0,0,0,0,0,0,0,0,0,0,0,0,0,0,0,0,0,0,0,0,0,0,0,0,0,0,0,0,0,0,0,0,0,0,0,0,0,0,0,0,0,0,11,28,15
58,53,49,49,46,40,39,38,33,16,30,28,26,20,5,0,22,20,20,7,0,11,25,21,14,0,4,0,21,20,13,4,2,2,0,0,0,0,0,0,0,0,0,0,0,0,0,0,0,0,0,0,0,0,0,0,0,0,0,0,0,0,0,51,44,9,29,34,22,0,0,38,47,48,43,50,0,0,47,50,36,30,43,38,31,43,45,43,29,6,2,2,2,2,2,2,2,3,3,0,0,0,6,7,7,0,0,0,0,0,0,0,0,0,0,0,0,0,1,0,3,8,5,9,9,10,10,11,12,15,21,13,13,63,2,0,0,4,0,2,0,0,0,0,0,0,0,0,0,0,0,0,0,0,0,0,0,0,0,0,0,0,0,0,0,0,0,0,0,0,0,0,0,0,0,0,0,0,0,0,0,0,0,0,0,0,0,0,0,0,0,0,0,5,24,28,0
58,52,50,50,48,41,39,36,29,27,27,25,23,21,17,11,3,3,0,0,0,0,0,15,10,0,0,0,0,0,0,0,0,0,0,0,0,0,0,0,0,0,0,0,0,0,0,0,0,0,0,0,0,0,0,0,0,0,0,0,0,0,0,55,49,39,1,34,33,27,0,44,52,51,47,42,24,51,50,49,33,0,0,14,44,43,41,37,11,2,2,2,2,2,2,2,4,5,4,3,0,0,4,7,7,2,0,0,0,0,0,0,0,0,0,0,0,0,0,1,4,8,9,6,9,10,10,10,10,13,21,21,94,74,56,26,0,0,0,0,0,0,0,0,0,0,0,0,0,0,0,0,0,0,0,0,0,0,0,0,0,0,0,0,0,0,0,0,0,0,0,0,0,0,0,0,0,0,0,0,0,0,0,0,0,0,0,0,0,0,0,0,0,29,30,30,30
58,55,51,50,44,42,36,36,30,29,24,19,16,13,9,3,3,2,1,0,0,0,0,0,0,0,0,0,0,0,0,0,0,0,0,0,0,0,0,0,0,0,0,0,0,0,0,0,0,0,0,0,0,0,0,0,0,0,0,0,0,0,0,50,45,29,0,0,36,36,31,9,44,48,39,51,52,51,49,45,29,22,45,47,43,35,30,32,27,2,1,2,2,2,2,2,2,5,4,6,1,0,0,6,7,7,2,0,0,0,0,0,0,0,0,0,0,0,0,1,6,8,8,9,9,0,10,10,10,13,21,103,97,79,64,54,30,0,4,0,0,0,0,0,0,0,0,0,0,0,0,0,0,0,0,0,0,0,0,0,0,0,0,0,0,0,0,0,0,0,0,0,0,0,0,0,0,0,0,0,0,0,0,0,0,0,0,0,0,0,0,0,28,30,30,30,30
57,57,51,50,49,42,36,32,36,27,21,14,0,0,0,0,5,2,1,0,0,0,0,0,0,0,0,0,0,0,0,0,0,0,0,0,0,0,0,0,0,0,0,0,0,0,0,0,0,0,0,0,0,0,0,0,0,0,0,0,0,0,22,53,50,41,24,37,15,54,19,0,56,56,56,55,53,51,46,44,39,43,44,39,23,21,22,24,24,21,2,2,2,2,0,2,4,6,6,0,0,0,0,0,6,7,7,0,0,0,0,0,0,0,0,0,0,0,0,0,0,2,4,9,10,10,10,10,12,13,21,97,68,64,59,48,34,16,2,0,0,0,0,0,0,0,0,0,0,0,0,0,0,0,0,0,0,0,0,0,0,0,0,0,0,0,0,0,0,0,0,0,0,0,0,0,0,0,0,0,0,0,0,0,0,0,0,0,0,0,0,16,28,28,30,30,31
51,51,50,44,33,43,36,35,28,24,20,0,0,0,0,0,3,2,0,0,0,0,0,0,0,0,0,0,0,0,0,0,0,0,0,0,0,0,0,0,0,0,0,0,0,0,0,0,0,0,0,0,0,0,0,0,0,0,0,0,0,0,0,36,48,56,23,59,40,45,59,58,58,58,55,54,52,49,43,43,42,40,17,21,27,21,16,14,9,15,14,0,2,2,2,2,3,6,6,3,3,5,0,0,0,7,7,7,1,0,0,0,0,0,0,0,0,0,0,0,0,2,7,9,10,10,10,10,12,20,85,73,62,53,50,36,24,12,0,0,0,0,0,0,0,0,0,0,0,0,0,0,0,0,0,0,0,0,0,0,0,0,0,0,0,0,0,0,0,0,0,0,0,0,0,0,0,0,0,0,0,0,0,0,0,0,0,0,0,0,0,0,1,10,28,29,30
43,39,38,35,4,35,30,26,21,18,7,0,0,0,0,6,3,1,0,0,0,0,0,0,0,0,0,0,0,0,0,0,0,0,0,0,0,0,0,0,0,0,0,0,0,0,0,0,0,0,0,0,0,0,0,0,0,0,0,0,0,0,0,0,62,61,60,59,52,59,59,58,55,55,54,52,50,46,42,38,34,36,31,35,23,26,12,15,11,4,0,13,0,3,2,1,1,3,4,5,5,7,4,0,0,1,7,7,7,0,0,0,0,0,0,0,0,0,0,0,0,0,7,8,10,10,10,10,20,20,73,57,54,47,39,22,17,1,0,0,0,0,0,0,0,0,0,0,0,0,0,0,0,0,0,0,0,0,3,5,15,28,32,28,29,0,0,0,0,0,0,0,0,0,0,0,0,0,0,0,0,0,0,0,0,0,0,0,0,0,0,0,0,0,0,21,31
34,31,28,26,26,24,23,16,11,6,0,0,0,0,0,4,1,0,0,0,0,0,0,0,0,0,0,0,0,0,0,0,0,0,0,0,0,0,0,0,0,0,0,0,0,0,0,0,0,0,0,0,0,2,0,0,0,0,0,0,0,0,0,0,62,61,60,59,58,57,56,55,55,53,53,51,47,38,38,38,36,33,30,16,26,17,15,9,11,0,0,0,8,4,1,0,0,1,4,4,0,4,5,4,1,0,3,7,7,8,0,0,0,0,0,0,0,0,0,0,0,0,7,8,9,10,10,10,19,67,82,54,41,38,17,15,7,8,7,2,0,1,0,0,0,0,0,0,0,0,0,0,0,0,0,1,3,3,3,6,21,32,32,33,34,0,0,0,0,0,0,0,0,0,0,0,0,0,0,0,0,0,0,0,0,0,0,0,12,21,0,0,0,0,0,0,24
33,30,25,20,10,5,3,0,0,0,0,0,0,0,0,1,0,0,0,0,0,0,0,0,0,0,0,0,0,0,0,0,0,0,0,0,0,0,0,0,0,0,0,0,0,0,0,0,0,0,0,0,0,0,15,0,0,0,0,0,0,36,43,61,61,61,60,56,56,56,55,55,54,53,51,48,39,33,21,36,36,30,19,10,7,6,12,0,0,0,0,8,7,3,0,0,0,1,2,4,5,4,3,5,5,0,0,2,7,9,0,0,0,0,0,0,0,0,0,0,0,0,3,8,9,10,11,17,5,107,66,59,30,17,8,7,7,4,2,2,2,0,0,0,0,0,0,0,0,0,0,0,0,0,0,2,0,0,0,2,12,31,32,32,33,0,23,0,0,0,0,0,0,0,0,0,0,0,0,0,0,0,0,0,0,0,0,0,28,28,0,0,0,0,0,0,9
32,27,22,16,7,2,1,0,0,0,0,0,0,0,1,0,0,0,0,0,0,0,0,0,0,0,0,0,0,0,0,0,0,0,0,0,0,0,0,0,0,0,0,0,0,0,0,0,0,0,0,0,0,0,16,22,13,0,0,0,0,61,61,61,60,59,58,56,56,55,54,54,53,50,46,38,41,37,32,13,33,28,26,17,4,8,14,0,0,0,0,0,5,3,2,1,1,1,3,3,4,5,5,3,5,4,0,3,7,8,9,0,0,0,0,0,0,0,0,5,5,0,0,4,9,10,8,10,95,97,71,44,26,10,3,7,3,2,1,1,0,0,0,0,0,0,0,0,0,0,0,0,0,0,0,1,0,0,0,1,8,21,32,32,32,22,31,30,30,30,0,0,0,0,0,0,0,0,0,0,0,0,0,0,0,0,0,0,28,29,30,31,11,0,0,0,0
26,21,14,6,0,0,0,0,0,0,0,0,0,0,1,0,0,0,0,0,0,0,0,0,0,0,0,0,0,0,0,46,49,49,49,49,46,0,0,0,0,0,1,1,0,0,0,0,0,0,0,0,0,0,0,59,57,44,45,61,61,61,59,59,59,57,57,56,55,54,53,52,48,31,0,35,42,39,23,8,24,17,21,2,17,4,0,0,0,0,0,0,0,3,3,4,4,0,4,4,0,4,5,0,4,5,0,0,6,8,9,0,0,0,0,0,0,0,5,6,9,0,1,0,2,129,119,139,117,80,66,32,19,8,0,1,2,1,0,0,0,0,0,0,0,0,0,0,0,0,0,0,0,0,0,0,0,0,0,0,1,13,32,31,27,0,30,30,30,30,28,0,0,0,0,0,0,0,0,0,0,1,0,0,0,0,0,24,28,30,30,31,31,0,0,0,0
17,5,0,0,0,0,0,0,0,0,0,0,0,0,0,0,0,0,0,0,0,0,0,0,0,0,0,0,0,0,7,39,45,44,45,45,39,18,9,0,0,0,0,3,6,1,0,0,0,0,0,0,0,0,0,54,62,62,61,61,61,59,59,57,57,57,57,54,54,53,52,46,45,44,5,44,45,38,24,9,2,16,4,7,5,0,0,0,0,0,0,0,18,6,0,0,4,0,3,4,1,2,4,4,5,5,5,0,5,7,0,0,0,0,0,0,0,0,6,8,17,10,92,112,114,110,124,118,118,70,55,30,15,6,0,0,0,0,0,0,0,0,0,0,0,0,0,0,0,0,0,0,0,0,0,0,0,0,0,0,0,13,31,31,31,0,20,30,30,30,30,31,31,0,0,0,0,0,4,3,0,8,0,0,0,0,0,26,30,30,30,30,31,31,31,31,0
2,0,0,0,0,0,0,0,0,0,0,0,0,3,2,0,0,0,0,0,0,0,0,0,0,0,11,49,19,50,34,45,34,39,40,39,18,10,9,0,0,0,0,0,23,25,0,0,0,0,0,0,0,0,0,62,62,61,61,59,59,59,57,57,57,55,55,53,52,48,17,0,0,47,33,47,45,37,24,1,1,0,12,8,8,0,0,0,0,0,1,0,0,0,5,4,4,0,2,4,0,1,4,4,5,5,4,0,4,7,4,5,0,0,0,0,0,0,2,13,131,128,110,99,93,87,84,108,100,89,44,28,6,0,0,0,0,0,0,0,0,0,0,0,0,0,0,0,0,0,0,0,0,0,0,0,0,0,0,0,0,12,28,30,30,0,0,30,30,30,30,31,0,0,0,10,5,0,0,0,0,9,0,0,0,0,7,28,30,30,30,30,30,31,32,32,0
0,0,0,0,0,0,0,0,0,0,0,0,0,1,13,0,0,0,0,34,39,39,38,38,38,40,45,47,48,48,47,42,41,14,36,21,10,0,0,0,0,0,0,0,16,48,50,0,0,0,0,0,0,0,62,61,61,60,59,59,59,57,57,57,55,55,52,51,43,20,0,0,0,25,50,48,44,40,22,1,0,0,0,10,7,22,0,0,0,0,0,8,0,0,6,1,2,3,3,3,4,0,1,4,5,6,7,0,0,7,8,8,0,0,2,0,0,0,0,15,134,99,80,76,65,60,74,85,67,63,37,18,0,0,0,0,0,0,0,0,0,0,0,0,0,0,0,0,0,0,0,0,0,0,0,0,0,0,0,0,0,9,24,30,0,0,0,30,30,30,30,31,30,0,0,0,0,0,0,0,0,0,0,0,0,0,8,30,30,0,0,10,30,31,33,33,0
0,0,0,0,0,0,0,0,1,0,0,0,14,17,53,45,37,36,38,35,36,34,35,34,34,34,34,37,41,42,42,41,38,38,26,11,0,0,0,0,0,0,0,0,18,35,56,28,0,0,0,0,0,62,61,60,59,59,52,58,57,57,57,55,55,53,49,31,22,0,0,0,0,1,50,48,42,34,23,0,0,0,1,1,5,11,0,0,0,0,23,4,0,0,6,2,2,4,4,1,4,1,0,3,5,6,8,0,0,2,8,8,0,1,82,116,124,0,41,129,87,69,54,51,46,42,52,54,46,36,31,22,0,0,0,0,0,0,0,0,0,0,0,0,0,0,0,0,0,0,0,0,0,0,0,0,0,0,0,0,1,23,29,30,30,0,0,30,29,30,30,30,30,29,0,0,0,0,0,0,0,0,0,0,0,0,8,30,30,12,0,9,30,32,33,34,0
0,0,0,0,0,0,0,34,15,13,5,45,54,41,50,40,35,33,31,25,27,29,33,32,31,31,28,31,29,32,35,36,36,35,20,0,0,0,0,0,0,0,0,0,6,47,56,57,57,55,6,0,62,62,60,59,59,58,57,57,56,55,55,54,53,52,31,16,0,14,0,7,2,49,48,46,39,31,20,4,0,0,1,4,4,0,6,3,7,7,14,18,8,17,9,6,9,9,0,0,3,2,0,1,4,6,7,7,0,1,7,119,140,136,129,126,127,126,127,127,82,60,45,36,31,27,38,39,33,24,19,14,25,2,8,0,1,0,0,0,0,0,0,0,0,0,0,0,0,0,0,0,0,0,0,0,0,0,0,0,8,26,30,28,29,0,5,26,30,30,0,0,29,29,22,0,0,0,0,0,0,0,0,0,0,0,8,23,31,29,0,11,30,32,34,0,0
0,0,0,0,32,33,40,46,26,11,16,38,40,31,37,35,32,26,25,22,23,22,24,25,26,26,24,25,25,27,27,30,28,30,10,8,9,0,0,0,0,0,0,0,10,47,56,57,54,55,56,54,89,60,60,59,57,57,56,56,55,54,54,53,52,30,26,21,26,39,0,27,46,48,49,47,41,29,6,4,0,3,0,4,3,0,0,6,2,6,3,13,12,9,16,13,9,11,0,0,1,2,2,2,4,6,7,8,2,31,145,139,132,122,48,31,32,33,93,81,65,49,35,26,21,25,31,28,26,14,7,11,10,20,36,21,0,0,0,0,0,0,0,0,0,0,0,0,0,0,0,0,0,0,0,7,0,0,0,1,21,27,0,13,7,0,0,16,30,31,27,26,27,26,25,0,6,0,0,0,0,0,0,1,0,0,11,22,29,30,30,28,30,33,33,0,0
0,0,0,26,25,28,30,19,9,5,7,14,23,17,27,28,29,23,15,14,16,14,17,17,17,21,22,20,22,23,22,24,24,17,7,9,9,1,0,0,0,0,0,0,4,50,54,51,37,51,53,93,60,60,59,59,57,57,56,55,55,53,52,46,39,0,29,0,0,8,0,34,48,49,49,47,34,19,6,5,4,2,2,4,4,4,5,2,1,2,2,6,5,13,15,24,26,8,0,0,1,4,104,131,30,17,8,10,156,151,148,98,106,48,31,31,32,33,33,78,42,39,28,24,18,19,23,21,21,19,3,1,5,8,37,39,1,0,0,0,0,0,0,0,0,0,0,0,0,0,0,0,0,0,1,8,0,0,0,5,22,26,24,0,0,0,0,27,31,27,25,25,21,23,20,0,20,0,0,0,0,8,8,10,0,0,2,21,26,27,28,31,31,32,32,0,19
26,25,35,27,17,10,7,5,2,1,5,5,7,14,15,15,19,18,11,5,4,2,12,12,13,13,18,15,18,18,16,16,14,12,6,8,12,25,6,0,0,0,0,1,38,50,51,51,49,48,49,106,68,59,59,58,57,56,55,53,53,52,49,44,33,39,0,0,35,18,0,0,44,49,47,40,33,21,8,7,6,1,0,0,0,0,0,0,1,2,2,4,6,14,26,138,134,141,142,143,144,144,143,142,147,155,152,152,148,145,133,128,102,45,31,32,29,32,29,49,20,30,6,15,15,18,15,18,19,16,13,4,3,5,32,43,2,0,0,0,0,0,0,0,0,0,0,0,0,0,0,0,0,0,4,6,0,0,0,6,23,25,26,0,0,0,0,26,25,25,24,0,23,24,0,12,9,0,0,0,8,8,10,11,10,13,15,18,19,21,22,30,30,30,25,26,29
36,43,35,22,12,5,2,1,0,0,1,1,1,4,4,3,8,8,5,2,2,2,2,3,4,8,10,10,12,11,11,10,10,11,8,9,14,48,75,73,62,49,51,47,46,48,48,45,43,43,43,49,77,59,57,57,56,56,53,52,52,49,22,49,47,24,0,0,0,43,30,0,48,49,46,41,34,19,14,12,9,8,4,2,1,0,0,1,1,1,3,4,6,79,96,100,140,147,145,143,143,143,141,57,26,108,149,149,145,144,134,118,67,29,19,28,26,29,17,0,0,3,4,1,15,14,10,18,17,18,9,5,4,19,36,42,1,26,34,0,0,0,0,0,0,0,0,0,0,0,0,0,0,1,2,0,0,1,1,16,23,25,25,18,0,0,0,23,23,23,23,21,20,20,8,7,0,0,0,8,8,10,10,11,15,17,4,0,0,12,17,21,23,21,20,22,24
52,41,24,14,10,4,2,2,0,0,0,0,0,2,2,0,1,2,1,1,1,1,1,1,1,2,3,8,6,5,1,0,0,11,12,14,54,66,73,75,72,62,51,50,39,43,41,35,35,34,33,36,92,59,57,56,56,54,53,52,51,50,49,49,48,0,5,0,0,0,41,0,49,48,46,42,36,18,15,15,12,10,9,7,6,2,2,2,2,2,3,5,5,4,55,132,142,142,144,142,143,143,139,136,140,146,148,146,145,141,125,111,49,29,31,32,30,29,17,88,0,4,11,0,14,10,11,7,9,8,7,7,6,36,46,37,27,2,33,36,34,0,4,0,0,0,0,0,0,0,0,0,0,2,2,0,0,1,5,18,23,25,28,0,0,0,0,21,21,16,8,8,8,8,8,0,0,0,8,8,10,11,12,12,16,17,0,0,0,0,0,14,15,17,19,20,23
41,28,21,15,12,5,4,2,0,0,0,0,0,0,0,0,0,1,0,0,1,1,0,0,1,1,0,1,1,1,0,8,12,12,26,41,46,54,60,64,55,50,44,42,32,35,33,30,29,29,30,31,92,58,57,56,55,53,52,33,50,51,49,49,49,0,2,13,0,0,42,36,49,47,45,42,33,18,10,17,17,11,10,9,7,3,2,2,2,3,4,5,3,0,0,107,128,141,141,140,140,137,138,138,138,142,143,144,144,136,120,101,42,30,32,32,33,35,123,92,90,44,31,0,0,7,8,4,4,4,4,5,5,19,38,36,36,2,25,35,35,30,31,22,22,0,0,0,0,0,0,0,0,2,0,0,0,4,12,16,21,27,27,23,0,0,0,0,0,0,0,0,0,0,0,0,0,0,7,10,11,12,12,13,16,18,0,0,0,0,0,14,14,15,16,18,21
29,26,19,17,13,6,2,1,0,0,0,0,0,0,0,0,0,0,0,0,1,0,0,0,0,0,0,0,0,0,0,9,8,13,22,27,36,44,47,49,47,41,34,28,30,28,25,24,23,23,23,24,25,82,56,56,54,53,49,0,0,51,3,50,49,0,0,33,0,0,40,47,50,47,42,38,27,12,0,18,18,14,10,9,8,7,4,2,2,1,0,0,0,0,0,0,113,138,140,137,134,134,133,135,137,141,142,138,132,120,111,31,30,31,32,33,33,128,132,106,73,62,33,32,23,20,6,2,4,4,3,4,5,11,18,28,29,17,8,21,26,17,13,6,13,0,0,0,0,0,0,0,1,3,0,0,4,7,9,16,20,25,25,25,0,0,0,0,0,0,0,0,0,0,0,1,0,0,0,3,12,12,14,14,14,15,0,0,0,12,7,11,0,16,16,16,19
19,18,18,17,11,7,4,1,0,0,0,0,0,0,0,0,0,0,0,0,0,0,0,0,0,0,0,0,0,0,1,7,5,6,10,17,23,23,30,36,21,27,0,18,6,5,13,17,17,18,20,21,21,21,20,76,53,52,32,0,0,51,50,50,48,0,0,9,0,0,0,46,42,34,41,31,22,11,0,0,17,14,10,10,9,9,8,7,5,5,5,5,4,3,0,3,133,133,131,130,125,114,67,132,136,137,132,131,118,76,38,28,30,34,35,33,34,126,90,77,64,56,36,25,19,15,0,0,4,4,3,4,6,4,5,11,0,1,0,0,5,2,2,2,15,21,2,0,0,0,0,0,1,0,0,0,2,2,7,13,17,20,23,23,23,0,0,0,0,0,0,0,0,4,8,3,0,0,0,0,4,14,15,16,16,16,11,0,16,16,0,0,13,16,16,17,18
17,14,16,14,12,10,6,1,0,0,0,0,0,0,0,0,0,0,0,0,0,0,0,0,0,0,0,0,0,0,1,0,6,6,12,16,19,23,21,12,12,18,0,1,2,0,0,1,1,4,10,14,16,18,18,74,53,51,49,0,0,51,51,51,46,0,0,0,0,0,24,47,46,42,41,34,26,20,18,20,18,18,12,10,9,9,9,8,8,8,7,7,7,6,112,133,129,127,124,122,120,40,129,134,130,123,114,81,27,27,27,29,29,31,35,98,130,131,100,62,50,48,23,21,20,11,7,5,4,4,4,4,8,7,5,5,2,0,0,2,4,2,2,2,4,9,14,6,2,0,0,0,1,1,0,0,0,0,0,0,2,7,16,17,11,0,0,0,0,0,3,9,11,4,7,0,0,0,0,0,3,13,16,16,16,16,16,16,16,16,8,11,16,16,17,17,18
17,15,12,12,10,10,4,1,0,0,0,0,0,0,0,0,0,0,0,0,0,0,0,0,0,0,0,0,0,0,16,16,0,0,0,11,17,33,35,24,6,18,2,6,16,0,0,0,0,1,3,9,15,18,18,74,54,51,50,50,39,51,52,52,49,0,0,0,12,46,48,47,45,43,42,38,30,26,16,21,21,17,12,11,11,9,9,9,8,8,8,8,8,114,130,122,123,123,120,115,116,121,128,126,103,44,28,27,27,24,25,25,26,27,33,35,72,128,52,32,26,32,13,14,14,6,6,5,5,4,4,7,6,8,8,8,2,2,0,2,5,2,2,2,2,4,2,4,4,1,0,1,1,0,0,0,0,0,0,2,2,0,2,2,3,3,0,0,0,4,7,13,14,0,0,0,0,0,0,0,0,6,15,16,16,16,16,16,16,16,16,16,16,16,17,18,18
16,15,12,12,10,9,5,3,1,0,0,0,0,0,0,0,0,0,0,0,0,0,0,0,0,0,0,0,0,4,15,0,0,0,1,7,11,21,47,43,23,18,19,16,19,0,0,0,0,0,1,4,7,16,17,72,51,0,47,50,50,53,53,52,50,0,0,0,0,44,49,47,46,44,43,40,35,29,26,23,23,22,13,12,11,11,9,9,6,8,8,8,111,105,104,101,110,118,118,105,111,117,116,114,34,21,20,21,22,25,25,17,11,10,21,31,35,39,1,1,3,5,5,2,2,6,6,5,3,4,8,8,8,7,8,8,5,1,2,2,4,0,1,1,1,1,1,1,1,1,0,0,0,0,0,1,1,2,10,2,0,0,0,0,0,0,0,0,4,5,10,16,0,0,0,0,0,0,0,0,0,5,9,12,13,11,13,15,0,16,16,15,16,16,16,16,16
15,15,13,11,0,9,6,2,1,0,0,0,0,0,0,0,0,0,0,0,0,0,0,0,0,0,0,0,0,2,17,0,0,4,0,0,5,17,33,34,32,15,22,1,1,7,0,0,0,0,0,1,4,11,17,71,0,0,0,0,10,58,53,52,40,0,0,0,0,0,49,47,46,45,44,40,37,32,26,26,23,22,13,17,20,13,10,9,9,8,8,8,102,100,92,99,101,99,103,101,101,103,107,34,13,9,10,15,8,8,8,9,9,9,9,12,35,36,10,2,3,3,5,2,2,2,6,5,4,7,0,8,8,8,8,8,8,1,2,5,5,0,1,1,1,1,1,1,1,0,0,0,0,0,1,2,10,12,12,4,0,0,0,0,0,0,0,0,5,8,12,0,0,0,0,0,0,0,0,0,0,7,8,8,0,2,8,8,8,8,8,2,9,13,15,15,0
3,15,14,11,8,6,6,3,1,1,0,0,0,0,0,0,0,0,0,0,0,0,0,0,0,0,0,0,0,0,12,0,0,4,0,0,5,40,58,59,47,26,21,1,0,1,0,0,0,0,0,1,5,11,16,70,0,0,0,0,7,70,54,53,22,0,0,0,0,0,50,50,49,47,45,40,37,37,31,27,26,104,110,6,7,19,18,9,9,9,9,120,128,0,9,8,0,99,96,96,94,97,52,14,8,8,8,0,7,8,9,9,1,9,9,16,34,31,0,5,2,4,6,6,4,1,6,5,0,0,0,0,5,7,7,7,7,3,5,7,8,5,1,1,1,1,1,1,0,0,0,0,1,1,10,12,13,13,5,4,0,0,0,0,0,0,0,6,8,8,0,0,0,0,0,0,0,0,0,0,0,0,2,5,0,5,7,0,8,8,8,8,8,8,8,8,0
15,15,12,10,8,6,4,3,1,1,0,0,0,0,0,0,0,0,0,0,0,0,0,0,0,0,0,0,0,20,41,28,29,4,12,0,3,28,57,62,69,59,58,0,0,0,0,0,0,0,0,1,1,4,12,65,0,0,0,0,17,72,55,53,30,0,0,0,0,0,0,50,50,49,46,43,41,39,36,30,109,112,94,26,8,38,76,18,9,9,118,123,122,114,122,117,117,113,112,99,88,91,19,8,8,8,11,8,8,9,11,4,9,9,9,30,37,133,112,108,81,54,44,6,1,6,5,5,0,0,6,0,4,6,2,3,2,2,4,7,7,1,0,1,1,0,0,0,1,1,1,3,3,14,16,16,12,8,8,0,0,0,0,0,0,0,0,6,8,8,0,0,0,0,0,0,0,0,0,0,0,0,0,0,0,0,0,1,2,5,8,8,8,8,8,2,8
15,15,11,8,5,3,2,1,1,0,0,0,0,0,0,0,0,2,1,0,0,0,0,0,0,0,0,0,4,33,27,27,31,37,38,37,45,35,49,59,58,55,60,43,1,0,0,0,0,0,0,1,2,3,11,45,0,0,0,0,12,62,55,54,44,0,0,0,0,17,0,0,52,50,48,45,43,43,39,113,118,95,84,47,8,51,25,101,39,122,122,119,121,118,116,115,114,111,110,94,96,91,13,8,8,8,8,22,27,9,9,0,8,12,116,126,129,140,145,128,112,86,63,14,5,5,1,4,4,7,6,6,6,6,6,5,5,3,3,4,1,0,1,1,1,0,0,1,1,3,6,11,7,7,16,23,26,16,7,1,0,0,0,0,0,0,0,1,7,0,0,0,0,0,0,0,0,0,0,0,0,0,0,0,0,0,0,2,3,4,7,8,8,8,8,8,8
15,12,10,5,2,1,1,0,0,0,0,0,0,0,0,0,0,3,4,3,0,0,0,0,0,0,0,0,23,29,27,27,24,21,21,30,33,21,40,45,45,49,55,51,36,0,0,0,0,0,0,1,5,5,7,14,2,0,0,0,15,51,55,53,48,41,0,0,0,0,0,27,52,50,50,46,44,43,137,123,99,90,82,78,6,8,8,9,103,117,115,113,111,111,111,108,109,108,107,90,83,88,12,8,8,13,15,17,28,29,23,8,112,139,125,131,139,141,136,94,83,77,70,62,59,52,5,5,5,6,6,6,6,6,6,5,5,5,5,0,0,0,0,0,1,4,6,6,6,12,15,7,7,7,8,17,27,16,8,6,0,0,0,0,0,0,0,1,0,0,0,0,0,0,0,0,0,0,0,0,0,0,0,0,0,0,5,5,6,0,6,7,8,8,8,8,8
11,11,6,3,1,0,0,0,0,0,0,0,0,0,0,0,0,0,9,8,4,3,2,0,0,0,0,3,27,27,22,19,13,9,12,24,2,19,29,32,42,47,50,50,39,0,0,0,0,0,0,0,7,7,8,14,0,0,0,0,11,70,72,55,53,52,49,46,0,0,0,16,53,131,50,48,44,139,122,128,103,88,81,79,5,7,8,98,102,111,109,110,108,106,104,104,104,104,102,83,86,83,8,8,8,22,16,26,22,32,143,154,144,126,105,103,107,111,116,91,71,66,64,63,64,60,49,34,1,0,3,3,4,6,6,1,1,0,0,0,0,0,0,2,8,18,22,23,15,15,16,1,0,7,15,16,21,22,16,6,0,0,0,0,0,0,0,0,0,0,0,0,0,0,0,0,1,0,0,0,0,0,0,0,0,0,0,5,6,0,7,7,7,8,8,8,8
0,6,4,2,0,0,0,0,0,0,0,0,0,0,0,0,0,0,0,13,13,10,2,0,0,0,0,5,24,17,17,11,9,10,19,19,24,41,40,39,43,46,50,50,65,0,0,0,0,0,0,0,0,6,10,11,0,0,0,0,15,75,78,57,54,55,55,122,32,12,2,67,148,155,140,140,152,134,132,112,107,88,77,76,77,84,87,95,95,108,106,104,105,102,101,97,96,89,88,80,79,38,8,8,32,21,28,28,109,142,153,149,130,118,91,80,84,87,85,68,65,61,61,60,58,47,43,41,34,21,1,1,5,0,0,0,0,0,0,0,0,0,0,1,5,21,25,31,31,19,7,0,0,7,8,16,20,20,16,0,0,0,0,0,0,0,0,0,0,0,0,0,0,0,0,0,0,0,0,0,0,0,0,0,1,0,0,2,5,7,7,7,7,0,8,8,8
0,3,0,0,0,0,0,0,0,0,0,0,0,0,0,0,0,0,0,21,21,18,6,0,0,0,3,27,29,14,8,8,10,5,5,19,23,44,57,54,48,46,50,42,83,56,0,0,0,0,0,0,0,1,9,10,0,0,0,6,12,19,126,117,56,120,127,116,70,71,73,80,89,92,107,104,107,106,101,112,98,88,72,63,69,76,83,87,85,98,94,98,98,99,93,55,19,14,13,18,29,26,27,13,8,8,9,127,135,146,147,132,123,101,68,66,58,58,61,62,60,59,58,50,44,36,37,34,33,18,0,0,0,0,0,0,0,0,1,0,0,0,0,14,19,21,27,30,35,15,1,2,7,8,16,16,22,16,16,0,0,0,0,0,0,0,0,0,0,0,0,0,0,0,0,0,0,0,0,0,0,0,0,1,1,0,0,0,2,6,7,7,7,0,0,8,8
0,0,0,0,0,0,0,0,0,0,0,0,0,0,0,0,0,0,0,29,33,25,4,0,0,4,14,36,31,5,5,12,4,5,5,0,5,42,48,68,80,91,98,99,59,59,58,0,0,0,0,0,0,0,8,13,0,0,0,12,19,57,72,50,47,53,63,57,60,61,42,73,79,88,90,91,90,85,86,105,105,84,67,57,54,65,78,78,80,81,85,86,97,97,92,15,12,12,12,10,10,11,8,9,90,95,100,127,134,129,129,121,104,84,72,54,54,55,53,54,57,56,48,33,29,34,35,33,31,31,0,0,0,2,2,2,1,1,1,1,0,0,6,17,19,25,31,36,36,33,1,7,7,8,16,16,16,16,8,0,0,0,0,0,0,0,0,0,0,0,0,0,0,0,0,0,0,0,0,0,0,0,1,1,0,0,0,0,0,2,6,7,7,0,0,0,2
0,0,0,0,0,0,0,0,0,0,0,0,0,0,0,0,0,0,0,32,27,8,3,3,8,27,32,36,34,5,1,22,21,32,6,0,23,31,34,29,39,60,71,30,25,35,51,0,0,0,0,0,0,0,8,12,0,0,3,10,15,54,41,40,39,38,40,36,36,39,67,74,75,81,77,76,76,76,77,17,104,86,63,26,28,46,53,62,70,72,76,82,93,90,73,17,11,11,9,8,9,1,0,25,82,85,90,98,120,115,117,99,76,72,66,42,47,44,50,54,49,45,37,28,30,34,35,21,31,31,29,2,2,2,2,2,1,1,1,0,0,4,13,20,21,28,35,36,37,37,19,8,8,8,13,17,17,18,0,1,0,0,0,0,0,0,0,0,0,0,0,0,0,0,0,0,0,0,0,0,0,0,1,1,0,0,0,0,0,0,1,5,7,7,0,0,0
0,0,0,0,0,0,0,0,0,0,0,0,0,0,0,0,0,0,0,37,30,18,3,3,24,39,35,37,2,0,0,14,5,29,5,3,14,31,51,54,36,28,28,22,14,28,35,33,0,0,0,0,0,1,53,56,41,57,58,62,62,64,44,38,36,28,30,29,2,38,48,54,58,60,69,67,68,69,69,10,92,82,72,56,0,0,33,35,40,36,62,73,85,83,9,10,10,9,8,6,11,4,3,2,7,20,74,76,71,80,64,65,58,48,49,44,25,38,47,49,39,29,29,24,30,35,32,30,14,25,27,2,2,0,1,1,1,1,0,0,10,16,17,20,11,27,35,35,37,38,41,40,8,15,18,18,18,18,8,6,8,0,0,0,0,0,0,0,0,0,0,0,0,0,0,0,0,0,0,0,0,0,1,0,1,0,0,0,0,0,0,2,6,7,7,5,0
0,0,0,0,0,0,0,0,0,0,0,0,0,0,0,0,0,0,25,41,37,33,28,33,56,48,41,28,2,2,0,5,5,35,6,0,19,21,37,56,65,79,88,87,49,24,30,42,40,0,0,0,24,43,42,41,41,53,41,42,57,88,42,33,30,19,20,23,18,34,35,36,36,42,42,42,46,51,43,10,86,79,57,8,0,63,52,38,4,25,35,42,48,13,6,8,8,6,6,7,14,6,5,4,4,4,1,38,39,8,39,40,41,35,40,38,33,31,41,40,32,22,21,23,32,34,28,10,2,24,23,0,2,0,1,0,0,0,0,10,16,18,21,23,3,10,33,35,35,39,40,44,44,40,18,19,20,26,18,8,0,0,0,0,0,0,0,0,0,0,0,0,0,0,0,0,0,0,1,1,0,1,1,2,4,0,0,0,0,0,0,0,4,6,7,7,1
0,0,0,0,0,0,0,0,0,0,0,0,0,0,0,0,0,0,0,47,42,36,43,67,58,44,37,32,16,0,15,5,6,6,0,12,23,6,23,35,41,42,69,91,98,101,43,84,50,45,43,42,43,41,41,40,40,40,38,37,43,86,34,30,23,15,15,15,20,23,23,23,23,23,28,28,32,33,34,40,75,70,66,53,65,64,60,53,27,41,2,5,9,7,5,6,2,5,7,8,12,9,7,6,5,5,4,5,1,0,9,12,16,19,30,34,35,9,19,16,20,11,22,25,29,24,25,22,3,21,19,2,2,1,1,0,0,8,11,16,16,20,23,27,3,4,13,33,34,38,40,43,45,47,16,20,35,1,0,0,0,0,0,0,0,0,0,0,0,0,0,0,0,0,0,0,0,0,1,2,3,5,5,2,5,0,0,0,0,0,0,0,0,5,7,7,7
0,0,0,0,0,0,0,0,0,0,0,0,0,0,0,0,0,0,0,56,53,56,59,68,28,39,35,31,18,0,20,5,33,6,0,20,6,2,15,19,28,32,55,82,100,100,89,88,45,43,40,43,41,39,35,35,36,35,35,37,40,71,27,26,18,13,10,12,13,13,12,11,10,11,10,17,18,5,21,25,39,41,49,60,60,60,58,42,35,21,14,4,4,5,5,6,6,5,8,5,10,5,11,12,9,7,6,5,0,0,0,8,12,9,11,17,27,17,8,8,8,10,27,27,22,22,22,16,13,19,3,2,1,1,0,8,8,10,15,16,20,22,27,28,1,12,13,5,34,37,40,42,45,47,47,20,0,0,0,0,0,0,0,0,0,0,0,0,0,0,0,0,0,0,0,0,0,0,2,5,5,6,7,0,0,0,0,0,0,0,0,0,0,0,5,7,7
0,0,0,0,0,0,0,0,0,0,0,0,0,0,0,0,0,0,0,51,53,33,34,45,19,10,35,33,25,25,17,14,7,9,10,6,9,9,5,16,29,35,51,78,90,73,47,54,43,42,39,39,35,33,34,34,34,35,35,37,56,27,22,19,12,10,7,7,7,7,6,8,7,6,9,9,8,10,18,17,24,27,31,31,42,39,27,27,14,13,7,4,4,4,4,6,6,8,14,24,114,123,116,126,97,94,61,9,7,4,0,3,8,8,8,11,16,16,15,14,8,8,23,22,18,17,11,7,11,11,2,2,3,8,8,9,10,8,9,17,21,24,29,1,1,6,14,13,18,36,38,41,44,45,48,22,0,0,0,0,0,0,0,0,0,0,0,0,0,0,0,0,0,0,0,0,0,0,2,6,7,7,6,0,0,0,0,0,0,0,0,0,0,0,0,5,7
0,0,1,0,0,0,17,38,37,7,0,0,0,0,0,0,0,0,6,51,22,2,6,14,16,15,1,38,23,30,23,2,3,19,6,6,38,0,0,17,30,56,75,88,89,38,39,42,45,42,40,35,31,30,32,32,34,34,35,40,54,20,15,13,12,9,3,7,4,2,1,0,1,3,8,6,6,10,10,10,12,7,15,19,33,28,15,8,7,8,7,4,4,5,6,30,55,67,88,98,111,114,112,127,123,80,46,21,13,14,4,8,8,13,1,5,8,8,13,11,6,14,14,11,11,11,10,2,2,1,1,0,8,8,9,8,8,8,8,11,21,27,32,32,2,3,15,15,5,16,36,40,40,45,47,22,0,0,0,0,0,0,0,0,0,0,0,0,0,0,0,0,0,0,0,0,0,0,1,6,7,7,0,0,0,0,0,0,0,0,0,0,0,0,0,3,7
0,0,0,0,0,0,41,48,44,2,0,0,0,0,0,0,0,30,41,31,13,1,7,12,7,12,7,15,30,5,3,0,8,14,5,9,9,5,10,9,26,58,75,80,58,38,17,41,44,40,34,27,29,31,32,32,33,34,37,38,30,13,11,8,8,3,6,6,5,4,2,0,0,3,4,3,6,0,0,7,4,5,7,10,11,19,8,2,3,4,4,4,3,5,25,31,30,13,14,30,63,83,103,122,108,11,18,13,10,9,8,12,21,11,9,9,8,9,9,16,7,6,13,9,7,11,2,2,1,1,8,8,9,16,16,20,8,0,0,8,16,30,33,13,2,3,16,16,16,5,9,17,30,40,46,46,0,0,0,0,0,0,0,0,0,0,0,0,0,0,0,0,0,0,0,0,0,0,0,6,7,7,0,0,0,0,0,0,0,0,0,0,0,0,0,1,6
0,0,0,0,0,0,51,51,35,0,0,0,2,0,0,0,43,35,20,11,7,7,7,7,5,5,2,6,6,3,0,8,14,14,13,25,36,22,11,3,16,51,73,66,42,40,57,56,40,16,20,25,29,31,32,32,32,36,35,38,27,11,9,6,8,5,5,4,3,0,0,0,2,4,0,5,0,5,7,7,4,4,4,4,8,10,2,1,1,1,4,4,6,10,8,6,6,6,6,6,9,17,57,36,33,16,6,0,0,3,8,12,21,13,10,9,9,8,10,8,7,3,6,0,0,0,0,0,1,9,9,10,8,16,21,28,29,0,0,0,11,31,33,22,29,21,14,16,24,5,8,9,17,28,42,46,46,0,0,0,0,0,0,0,0,0,0,0,0,0,0,0,0,0,0,0,0,0,0,5,8,0,0,0,0,0,0,0,0,0,0,0,0,0,0,0,6
0,0,0,0,0,0,54,51,17,17,0,43,43,44,43,39,42,29,7,5,7,6,7,5,6,6,2,2,3,1,1,15,18,12,18,29,36,27,20,5,0,28,50,52,48,55,55,40,35,33,6,27,30,31,31,31,33,33,41,50,7,10,10,9,7,3,3,3,0,0,0,0,2,6,5,0,6,4,5,5,1,1,1,1,3,3,0,0,0,3,5,7,9,5,0,0,4,6,3,6,6,9,20,21,32,8,0,3,8,8,10,12,22,21,11,10,11,10,11,11,8,6,0,0,0,0,0,1,9,10,19,17,9,14,24,32,0,0,0,0,11,27,31,33,34,36,5,17,17,22,6,6,15,19,42,46,46,0,0,0,0,0,0,0,0,0,0,0,0,0,0,0,0,0,0,0,0,0,0,0,0,0,0,0,0,0,0,0,0,0,0,0,0,0,0,1,5
0,0,0,0,0,0,57,57,47,50,48,53,54,51,53,34,21,10,7,7,0,5,6,5,5,6,2,0,1,0,11,22,26,17,23,32,39,38,16,1,0,2,22,43,37,50,37,34,33,29,26,27,28,30,30,30,32,33,41,47,37,9,6,10,6,5,1,1,0,0,0,0,0,5,3,6,0,6,7,5,5,1,1,0,0,0,0,0,1,4,8,10,0,0,0,0,6,3,0,0,0,5,8,15,19,8,0,8,9,9,12,12,19,22,13,13,12,12,22,28,4,7,6,5,0,0,0,1,10,16,23,25,16,28,31,31,0,0,0,0,9,13,34,37,37,38,9,9,22,18,18,10,22,27,42,47,43,0,0,0,0,0,0,0,0,0,0,0,0,0,0,0,0,0,0,0,0,0,0,0,0,0,0,0,0,0,0,0,0,0,0,0,0,3,5,1,2
0,0,0,0,0,0,57,57,57,54,56,57,54,55,44,18,10,7,7,7,5,5,6,4,2,2,1,1,6,9,13,23,29,22,28,37,39,43,17,4,1,2,25,34,40,40,33,29,29,11,11,13,26,26,26,27,28,31,40,41,44,14,6,4,4,4,0,0,0,0,0,0,0,8,8,4,0,6,9,3,2,0,2,2,0,0,0,0,0,4,8,10,0,0,0,0,6,0,0,0,0,0,0,8,10,2,8,10,10,9,12,14,14,22,69,43,49,37,30,12,1,0,6,6,6,0,0,11,22,26,25,33,28,32,30,31,0,0,0,0,3,12,34,37,39,40,17,33,27,18,18,19,23,29,37,40,0,0,0,0,0,0,0,0,0,0,0,0,0,0,0,0,0,0,0,0,0,0,0,0,0,0,0,0,0,0,1,0,0,0,0,5,7,7,0,0,2
0,0,0,0,0,0,0,57,58,58,57,61,39,32,28,12,7,7,7,6,5,4,3,2,0,0,0,2,12,21,25,30,37,32,32,40,42,53,45,12,10,0,16,25,32,31,28,11,6,0,10,12,19,23,24,14,8,23,28,36,38,25,7,4,4,2,1,0,0,0,0,0,0,4,7,6,3,6,9,5,2,0,0,2,0,0,0,1,0,6,8,11,4,0,0,0,6,14,4,0,0,0,0,0,0,0,8,8,11,10,12,14,29,105,121,69,39,24,19,5,0,1,6,15,16,2,2,12,25,38,34,34,36,34,37,22,0,0,0,0,11,13,37,39,43,44,46,40,24,18,19,25,35,42,43,0,0,0,0,0,0,0,0,0,0,0,0,0,0,0,0,0,0,0,0,0,0,0,0,0,0,0,0,0,0,1,5,6,3,5,6,7,7,0,0,0,1
0,0,0,0,0,0,0,59,66,56,51,37,34,15,3,7,6,7,7,6,6,3,2,0,0,1,5,11,21,25,27,37,41,41,41,43,57,33,35,45,47,34,4,15,14,9,0,3,4,7,9,12,22,24,8,5,5,10,11,30,35,36,44,6,4,2,1,0,0,0,0,0,0,4,6,0,2,5,10,9,3,2,2,2,0,0,0,1,3,2,8,11,0,0,0,0,3,13,21,16,2,2,0,0,0,4,8,9,13,17,18,104,102,92,80,52,23,13,4,2,4,11,22,22,7,0,2,14,26,45,45,41,42,38,40,38,36,1,0,1,14,28,41,42,45,50,41,46,35,23,24,24,31,38,8,0,0,0,0,0,0,0,0,0,0,0,0,0,0,0,0,0,0,0,0,0,0,0,0,0,0,0,0,0,0,0,4,9,13,14,15,7,7,0,0,0,7
0,0,0,0,0,0,0,67,64,9,27,34,16,8,7,7,5,1,6,6,6,5,0,1,1,5,14,18,26,29,26,32,42,44,44,55,25,27,34,33,30,22,16,12,10,0,0,0,0,0,6,6,8,10,0,1,8,12,17,21,33,33,50,7,3,2,1,0,0,0,0,0,2,5,4,1,4,6,9,8,7,3,2,3,3,1,0,2,2,2,7,18,0,0,0,0,0,1,4,21,20,2,2,2,0,0,8,9,27,118,95,90,83,78,46,1,1,1,2,8,0,0,0,0,7,3,3,16,26,44,47,49,42,41,32,28,33,35,38,39,40,41,48,51,51,52,42,24,35,46,25,26,26,8,0,0,0,0,0,0,0,0,0,0,0,0,0,0,0,0,0,0,0,0,0,0,0,0,0,0,0,0,0,0,0,0,3,7,13,13,15,15,15,0,0,7,7
0,0,0,0,0,0,56,62,45,33,2,7,1,5,7,7,5,2,0,4,5,4,1,2,10,16,20,27,32,35,38,34,43,47,50,14,12,23,31,32,22,16,2,5,33,22,7,6,2,1,3,3,4,0,1,2,5,12,16,20,24,35,47,7,3,2,2,0,0,0,0,0,3,6,4,2,6,5,11,12,8,2,1,5,7,0,2,4,0,0,5,21,6,0,0,0,0,0,1,8,28,26,4,2,2,0,8,44,108,109,85,84,28,5,0,0,0,21,16,1,4,8,6,5,5,5,8,19,27,37,45,47,34,0,26,26,26,31,41,45,47,50,52,49,52,49,50,54,54,25,27,18,17,0,0,0,0,0,0,0,0,0,0,0,0,0,0,0,0,0,0,0,0,0,0,0,0,0,0,0,0,0,0,0,0,0,2,7,7,11,8,8,8,11,14,9,7
0,0,0,0,0,57,55,49,36,24,9,5,7,0,6,7,6,4,1,0,0,1,0,0,4,19,17,31,39,40,45,41,38,87,22,5,10,31,30,25,18,1,4,7,30,45,16,17,15,12,10,3,3,3,6,9,11,15,18,24,37,38,27,9,4,2,0,0,0,0,0,0,5,7,5,7,0,6,6,18,11,5,1,10,6,2,1,1,1,3,8,20,9,4,0,0,0,0,0,4,24,36,35,4,2,0,9,88,73,77,24,2,0,0,0,36,70,17,15,4,8,8,6,8,8,9,7,17,25,32,42,41,15,0,17,24,29,34,41,44,48,54,56,56,48,54,59,59,59,57,43,8,0,0,0,0,0,0,0,0,0,0,0,0,0,0,0,0,0,0,0,0,0,0,0,0,0,0,0,0,0,0,0,0,0,0,0,1,4,0,0,0,0,0,5,9,14
0,0,0,0,56,59,55,33,19,10,7,7,7,7,7,6,6,4,0,0,0,0,0,0,0,0,18,20,40,47,48,95,70,46,40,44,44,22,25,23,14,0,1,1,21,39,49,45,33,25,22,17,3,9,10,13,14,14,22,31,41,35,51,12,6,2,0,0,0,0,0,0,0,18,14,7,8,8,1,13,14,9,10,11,9,10,1,1,0,4,8,24,25,12,8,0,0,0,0,2,19,29,44,40,10,9,29,83,15,5,0,0,0,0,0,64,45,35,0,3,9,23,7,7,9,9,7,6,20,22,27,19,0,10,21,25,30,34,41,41,48,50,43,37,38,46,53,61,63,64,7,0,0,0,0,0,0,0,0,0,0,0,0,0,0,0,0,0,0,0,0,0,0,0,0,0,0,0,0,0,0,0,0,0,0,0,0,0,0,0,0,0,0,0,0,4,6
0,0,0,21,64,59,42,32,13,7,5,7,7,7,6,6,5,4,0,0,1,0,0,0,0,0,18,9,0,44,87,50,48,46,40,47,46,46,16,10,6,27,19,0,6,12,28,39,47,54,47,23,1,10,13,13,15,18,28,34,34,39,30,14,9,2,0,0,0,0,0,0,0,1,20,18,9,8,16,17,19,16,10,15,16,16,1,1,0,5,9,25,25,14,9,0,0,0,0,1,16,28,33,38,42,58,67,25,2,0,0,0,0,6,99,105,84,40,4,8,24,23,22,13,24,25,25,14,9,16,13,10,8,13,15,19,25,26,34,38,28,38,37,32,34,45,48,61,63,70,0,0,0,0,0,0,0,0,0,0,0,0,0,0,0,0,0,0,0,0,0,0,0,0,0,0,0,0,0,0,0,0,0,0,0,0,0,0,0,0,0,0,0,0,0,0,4
0,0,56,68,62,51,37,21,11,7,6,7,7,3,5,5,4,1,0,0,2,1,0,0,0,0,10,16,15,39,50,50,49,43,46,53,48,46,40,23,2,13,24,10,11,6,2,29,39,53,58,30,3,0,17,17,17,17,22,26,31,40,39,46,12,6,0,0,0,0,0,0,1,3,19,21,19,10,18,26,21,18,16,16,15,1,1,0,0,4,9,28,15,12,4,0,0,0,0,1,17,27,32,34,35,35,35,37,0,0,0,0,8,100,104,97,84,29,12,1,6,24,24,15,25,27,18,10,11,8,9,0,6,9,9,8,15,21,26,31,36,30,32,35,41,44,51,54,60,65,28,0,0,0,0,0,0,0,0,0,0,0,0,0,0,0,0,0,0,0,0,0,0,0,0,0,0,0,0,0,0,0,0,0,0,0,0,0,0,0,0,0,0,0,0,0,0
57,56,68,64,57,45,29,14,8,8,8,7,7,0,0,2,1,0,0,0,2,1,0,3,5,11,14,1,2,49,48,49,45,45,46,0,50,45,36,29,7,11,15,27,17,15,18,26,36,41,47,38,0,0,21,22,24,19,24,28,37,40,41,61,15,12,0,0,0,0,0,0,0,3,24,23,22,21,22,19,11,9,13,15,12,1,1,1,2,6,10,25,13,13,7,0,5,0,0,1,10,23,30,33,35,35,35,35,36,0,8,11,18,102,89,89,80,24,6,0,3,11,22,26,29,31,12,13,11,11,14,17,14,17,16,18,20,7,9,17,23,28,30,38,40,42,53,54,58,60,39,11,0,0,0,0,0,0,0,0,0,0,0,0,0,0,0,0,0,0,0,0,0,0,0,0,0,0,0,0,0,0,0,0,0,0,0,0,0,0,0,0,0,0,0,0,0
58,57,62,57,51,35,25,8,8,8,8,7,6,5,2,0,0,0,0,0,1,1,5,10,14,18,18,16,44,49,46,32,49,37,43,48,0,0,24,9,0,11,11,23,24,17,20,31,40,37,42,45,0,0,18,25,34,31,29,31,36,45,44,69,17,14,3,1,1,0,0,0,1,0,7,27,32,40,22,19,14,12,13,14,9,2,1,0,3,5,8,17,13,7,7,9,11,1,1,0,4,12,29,32,33,35,35,35,35,35,26,23,110,86,83,63,71,56,1,1,1,1,8,23,32,33,4,6,6,10,13,16,27,27,34,34,36,18,0,2,4,13,21,37,43,49,53,55,57,57,39,39,45,0,0,0,0,0,0,0,0,0,0,0,0,0,0,0,0,0,0,0,0,0,0,0,0,0,0,0,0,0,0,0,0,0,0,0,0,0,0,0,0,0,0,0,0
46,0,0,34,40,29,13,8,8,8,8,8,8,5,2,1,1,2,2,1,4,6,7,10,21,26,21,17,49,48,48,43,50,52,48,0,0,30,0,0,30,21,9,18,35,21,25,35,42,45,48,51,40,0,3,27,35,38,36,35,39,39,50,84,26,16,5,1,1,1,1,3,3,7,8,24,27,24,24,15,13,12,13,16,11,2,0,0,2,2,15,17,7,6,5,9,9,9,1,8,3,12,29,30,32,35,35,35,35,35,38,115,102,38,72,71,73,63,0,0,1,1,8,15,23,12,0,7,9,11,12,18,26,33,42,45,46,30,0,4,7,20,37,44,45,50,54,55,57,0,37,43,52,0,0,0,0,0,0,0,0,0,0,0,0,0,0,0,0,0,0,0,0,0,0,0,0,0,0,0,0,0,0,0,0,0,0,0,0,0,0,0,0,0,0,0,0
21,4,0,0,0,15,9,8,8,8,8,8,8,6,1,0,0,0,2,4,10,12,12,14,19,27,38,59,49,45,49,46,51,50,51,0,37,0,0,0,30,31,28,38,45,30,30,42,46,55,46,56,50,0,1,21,36,32,40,42,46,53,55,74,34,18,6,4,2,3,3,3,5,8,11,41,22,20,20,13,13,13,14,18,11,2,0,1,1,3,19,29,5,5,5,9,1,0,7,8,0,4,29,32,34,35,35,35,35,35,40,126,37,10,9,73,80,62,1,6,16,8,6,30,39,16,8,18,14,14,25,29,41,44,50,50,28,10,10,19,26,28,37,44,49,52,52,54,43,36,37,41,56,55,0,0,0,0,0,0,0,0,0,0,0,0,0,0,0,0,0,0,0,0,0,0,0,0,0,0,0,0,0,0,0,0,0,0,0,0,0,0,0,0,0,0,0
0,7,0,0,0,0,9,8,8,8,8,8,8,7,2,2,0,0,0,0,0,12,18,21,27,26,33,39,49,49,49,48,47,51,0,0,21,0,0,0,0,0,23,41,48,52,55,50,61,72,50,50,54,12,17,41,43,43,43,44,47,50,55,62,57,25,7,4,3,4,5,5,7,9,31,41,38,27,19,15,14,15,17,20,11,2,1,0,1,11,31,4,5,4,5,6,0,7,11,0,0,1,27,31,34,35,35,35,35,35,72,98,32,7,9,80,75,71,29,5,7,17,45,35,27,19,34,35,14,15,27,42,47,50,52,52,32,35,37,26,51,32,22,7,27,50,39,50,44,45,43,47,55,57,7,0,0,0,0,0,0,0,0,0,0,0,0,0,0,0,0,0,0,0,0,0,0,0,0,0,0,0,0,0,0,0,0,0,0,0,0,0,0,0,0,0,0
9,0,0,0,0,0,0,0,10,10,8,8,8,4,2,0,0,0,0,0,0,0,7,25,27,30,34,36,33,38,53,49,43,52,46,28,0,0,0,0,0,0,15,19,25,21,41,61,66,77,81,54,53,20,18,38,45,45,49,49,49,56,60,68,69,42,9,5,5,4,8,9,9,10,29,46,25,19,15,13,16,18,3,11,10,1,1,1,2,25,14,19,2,5,3,8,5,12,0,0,0,1,14,30,33,34,35,35,35,35,42,0,11,11,91,106,93,76,56,4,25,23,21,16,10,11,33,33,42,32,46,50,50,51,52,52,52,54,33,54,54,32,10,20,34,51,46,52,54,54,54,49,55,57,39,0,0,0,0,0,0,0,0,0,0,0,0,0,0,0,0,0,0,0,0,0,0,0,0,0,0,0,0,0,0,0,0,0,0,0,0,0,0,0,0,0,0
9,0,0,0,0,0,0,0,0,8,4,2,6,2,2,0,0,0,0,0,0,0,0,11,27,62,48,46,48,49,54,50,52,49,40,24,0,0,0,0,0,0,19,37,21,35,56,64,69,72,82,78,54,44,18,30,48,51,53,53,53,54,60,84,65,52,14,7,7,6,0,9,10,15,42,49,42,30,14,3,14,12,10,19,11,0,1,1,7,10,2,0,1,15,17,20,15,8,1,0,4,3,15,32,33,34,35,35,35,35,45,23,14,110,108,97,89,80,56,4,13,27,20,15,9,13,25,66,55,41,52,53,54,53,54,54,54,134,174,157,142,38,24,31,54,54,52,56,55,53,54,54,55,57,52,0,0,0,0,0,0,0,0,0,0,0,0,0,0,0,0,0,0,0,0,0,0,0,0,0,0,0,0,0,0,0,0,0,0,0,0,0,0,0,0,0,0
3,0,0,0,0,0,0,0,0,7,8,0,2,0,0,0,0,0,0,0,0,0,0,0,0,58,50,47,46,46,54,49,52,49,31,23,0,0,0,0,0,0,10,39,32,36,50,65,72,78,83,86,54,54,20,52,51,51,54,55,56,59,60,72,62,62,49,12,9,9,8,0,11,46,29,27,21,18,15,21,18,11,8,9,0,0,11,24,28,5,2,0,14,17,21,17,1,0,7,8,14,0,14,32,34,35,35,35,35,36,49,120,109,105,83,81,70,71,44,2,2,10,20,91,63,32,32,29,40,44,64,64,52,37,55,187,197,151,146,134,107,109,163,126,58,59,59,36,53,55,55,55,56,58,57,0,0,0,0,0,0,0,0,0,0,0,0,0,0,0,0,0,0,0,0,0,0,0,0,0,0,0,0,0,0,0,0,0,0,0,0,0,0,0,0,0,0
0,0,0,0,0,0,0,0,0,0,5,1,1,0,0,0,0,0,0,0,0,0,0,0,0,43,54,50,46,43,50,41,42,30,23,20,0,0,0,0,16,1,16,29,42,47,62,65,73,81,75,67,77,51,0,52,53,54,53,57,58,58,60,73,64,61,44,19,15,13,9,0,3,31,26,19,6,5,0,15,11,13,9,5,0,1,16,36,5,3,3,2,2,17,15,12,0,0,8,7,12,5,25,33,35,35,35,35,35,35,36,137,106,84,78,67,56,66,54,26,6,8,21,71,54,47,24,23,35,59,164,188,187,187,184,142,143,140,128,106,97,87,101,189,215,219,72,14,25,25,57,57,57,59,67,186,102,76,114,0,0,0,0,0,0,0,0,0,0,0,0,0,0,0,0,0,0,0,0,0,0,0,0,0,0,0,0,0,0,0,0,0,0,0,0,0,0
0,0,0,0,0,0,0,0,0,0,1,1,0,0,0,0,0,0,0,0,0,0,0,0,0,69,53,49,53,50,44,42,40,40,22,0,0,0,0,11,11,21,15,23,39,59,67,70,72,81,83,80,62,54,0,47,53,54,54,55,58,58,60,129,65,62,11,0,0,0,0,0,26,23,21,14,3,3,2,2,1,9,8,0,1,5,28,27,3,3,2,14,3,14,23,26,7,7,7,7,3,11,27,35,35,35,35,35,35,35,36,119,77,79,67,2,63,64,60,6,3,7,12,19,28,21,32,35,34,86,185,142,154,159,162,155,135,120,88,83,81,71,102,136,177,194,192,170,149,48,56,78,163,194,211,152,147,145,139,130,1,0,0,0,0,0,0,0,0,0,0,0,0,0,0,0,0,0,0,0,0,0,0,0,0,0,0,0,0,0,0,0,0,0,0,0,0
1,0,0,0,0,0,0,0,0,1,2,0,0,0,0,0,0,0,0,0,0,0,0,0,0,54,54,54,44,49,42,32,25,19,21,0,0,0,0,13,4,3,18,23,43,58,72,71,82,86,60,72,56,0,0,48,54,55,55,56,58,58,85,126,65,60,0,11,32,9,9,0,30,25,22,17,0,3,9,2,0,0,0,0,7,18,37,15,2,12,4,7,13,11,19,0,3,3,6,4,11,9,28,35,35,35,35,35,35,36,44,129,72,48,0,64,78,47,58,6,39,0,0,15,20,29,43,78,148,138,168,139,136,143,143,136,126,109,79,66,55,57,78,111,140,152,161,171,166,188,207,208,202,168,147,142,142,139,138,137,123,85,0,0,0,0,0,0,0,0,0,0,0,0,0,0,0,0,0,0,0,0,0,0,0,0,0,0,0,0,0,0,0,0,0,0,0
1,0,0,0,0,0,0,0,0,0,2,0,0,0,0,0,0,0,0,0,0,0,0,0,0,54,54,54,53,44,9,34,23,14,7,28,15,0,0,8,6,8,17,29,37,58,72,80,83,86,86,69,56,31,0,30,55,59,58,58,59,66,100,50,50,0,11,39,36,9,9,43,28,25,21,18,17,16,17,12,8,0,0,4,8,27,37,16,13,11,5,3,9,9,12,0,0,4,4,11,11,10,31,35,35,35,35,35,36,36,66,6,0,0,60,85,78,60,51,45,39,18,7,11,63,81,88,113,134,143,147,132,118,115,131,136,115,95,65,43,45,45,83,91,120,127,130,130,114,143,170,191,198,142,139,135,131,133,135,127,120,112,41,0,0,0,0,0,0,0,0,0,0,0,0,0,0,0,0,0,0,0,0,0,0,0,0,0,0,0,0,0,0,0,0,0,0
1,0,0,0,0,0,0,0,0,0,0,0,0,0,0,0,0,0,0,0,0,0,0,0,46,46,47,52,54,50,40,35,23,1,6,11,19,0,4,4,2,8,25,3,0,1,2,2,2,2,0,0,15,0,15,40,55,60,65,65,69,70,67,46,43,0,12,50,12,11,11,47,29,27,25,22,9,22,17,8,2,3,4,6,8,42,32,11,3,12,5,10,8,0,0,0,3,4,12,27,0,8,33,35,35,35,35,35,36,37,42,5,9,12,85,82,78,55,50,54,31,6,6,9,20,79,92,103,124,132,124,117,111,111,108,111,94,71,42,30,35,46,68,67,79,90,94,92,79,52,65,110,202,141,130,127,130,133,120,115,111,103,93,47,0,0,0,0,0,0,0,0,0,0,0,0,0,0,0,0,0,0,0,0,0,0,0,0,0,0,0,0,0,0,0,0,0
1,0,0,0,0,0,0,0,0,0,0,0,0,0,0,0,0,0,0,0,0,0,0,0,54,54,54,42,43,40,37,23,11,3,3,11,21,17,0,4,1,1,1,1,0,1,1,0,0,0,0,0,1,1,47,46,55,58,72,73,73,130,70,23,4,12,49,35,12,12,51,34,25,22,28,25,9,24,20,9,0,12,15,21,19,40,24,13,1,3,6,8,7,10,5,3,10,15,17,14,0,9,34,35,35,35,35,35,36,37,38,8,12,120,97,87,79,41,30,38,26,9,5,6,48,80,80,83,91,110,128,117,108,104,104,101,81,55,23,25,26,38,47,55,61,70,63,69,62,66,41,66,173,135,138,115,113,119,116,107,104,93,90,65,0,0,0,0,0,0,0,0,0,0,0,0,0,0,0,0,0,0,0,0,0,0,0,0,0,0,0,0,0,0,0,0,0
8,1,6,3,2,2,2,2,0,0,0,0,0,0,0,0,0,0,0,0,0,0,0,21,46,54,47,53,15,12,28,17,10,21,16,5,1,7,9,12,6,5,2,2,0,0,1,0,0,0,0,1,1,1,1,57,55,57,62,76,134,71,35,39,13,29,62,25,21,21,59,36,33,34,41,29,24,24,19,10,3,4,17,30,20,32,22,9,4,0,2,8,10,8,7,11,22,22,17,0,0,25,34,35,35,35,35,35,37,37,57,120,110,97,100,91,54,53,39,10,4,1,0,5,29,47,46,50,80,92,97,106,98,101,106,96,61,46,22,21,34,39,40,45,53,55,63,53,54,55,51,118,168,133,131,129,131,106,98,98,90,85,75,66,50,0,0,0,0,0,0,0,0,0,0,0,0,0,0,0,0,0,0,0,0,0,0,0,0,0,0,0,0,0,0,0,0
9,7,8,5,1,2,2,2,2,0,0,0,0,0,0,0,0,0,0,0,0,0,0,39,36,52,13,41,37,40,22,6,21,26,21,13,17,7,10,12,10,10,8,9,3,0,0,0,0,1,1,0,1,1,2,14,59,60,65,119,87,36,75,72,71,24,71,27,21,61,60,20,9,52,55,34,30,26,9,2,4,5,8,41,46,29,21,6,3,1,0,11,11,11,15,19,23,25,0,0,0,33,35,35,35,35,35,35,35,36,46,146,95,104,86,92,51,42,28,11,6,2,3,5,10,6,8,14,63,84,87,80,74,82,93,79,47,16,9,19,27,36,37,36,45,51,66,60,69,47,63,189,139,130,134,135,121,108,85,95,82,68,63,62,62,46,0,0,0,0,0,0,0,0,0,0,0,0,0,0,0,0,0,0,0,0,0,0,0,0,0,0,0,0,0,0,0
9,9,8,4,2,0,0,2,0,0,0,0,0,0,0,0,0,0,0,0,0,0,29,27,21,30,2,38,29,25,15,0,0,0,0,12,19,18,6,11,14,14,15,24,21,0,0,0,0,0,1,3,1,3,28,42,59,63,100,43,43,38,38,44,64,49,73,70,66,66,58,25,24,51,35,35,27,15,7,4,5,8,8,36,46,27,19,8,16,14,16,17,13,21,21,23,24,5,0,0,3,35,35,35,35,35,35,36,36,36,41,150,100,95,39,45,37,11,9,6,4,7,9,7,11,0,0,5,16,50,58,59,50,64,85,60,17,11,25,19,19,20,23,28,34,56,72,69,70,61,184,150,131,131,135,133,120,112,100,82,63,63,54,41,51,57,56,34,0,0,0,0,0,0,0,0,0,0,0,0,0,0,0,0,0,0,0,0,0,0,0,0,1,3,0,0,0
10,0,4,2,0,0,2,2,0,0,0,0,0,0,0,0,0,0,0,0,0,0,38,44,32,42,37,35,28,21,11,0,1,0,1,7,19,23,22,18,23,29,25,23,8,3,0,1,8,1,1,6,6,1,21,68,61,95,32,30,28,22,12,26,6,36,38,40,73,64,58,21,63,44,24,24,24,14,13,14,17,19,47,46,47,31,19,18,18,17,19,19,21,21,23,18,0,0,0,0,9,35,35,35,35,35,35,36,37,37,49,149,110,42,20,23,18,14,10,7,19,19,19,44,60,57,1,18,7,8,5,1,20,5,34,45,39,59,48,36,26,21,22,28,37,39,67,74,71,42,155,138,138,133,133,124,114,102,95,68,64,43,31,38,38,41,48,46,8,0,0,0,0,0,0,0,0,0,0,0,0,0,0,0,0,0,0,0,0,0,1,4,6,0,0,0,0
10,7,0,0,0,0,0,1,0,0,0,0,0,0,0,0,0,0,0,0,0,20,26,47,44,48,42,32,22,14,0,1,10,4,9,6,15,23,24,24,28,35,29,26,25,17,14,12,12,13,9,4,15,21,52,70,89,30,24,22,22,19,1,6,6,27,30,32,31,25,18,47,56,23,19,26,37,29,18,17,19,25,53,21,51,40,23,22,20,20,21,21,21,21,0,0,0,0,0,0,5,35,35,35,35,36,37,37,36,38,42,129,106,38,34,28,26,22,16,20,26,23,22,84,30,12,12,29,7,2,16,22,71,7,18,30,35,39,39,48,46,40,30,31,39,49,65,71,200,181,147,139,139,134,127,114,104,94,66,65,54,34,43,49,51,21,52,54,65,32,0,0,0,0,0,0,0,0,2,0,0,0,0,0,0,0,0,0,6,7,8,0,0,0,0,0,0
0,4,0,0,0,0,0,0,0,0,0,0,0,0,0,0,0,0,0,0,0,0,3,43,31,37,45,34,21,5,1,11,17,14,21,22,14,8,23,26,36,36,27,38,31,28,25,14,16,21,21,24,15,32,64,62,30,30,24,17,17,16,0,0,5,22,10,22,19,1,1,2,37,22,25,25,65,70,41,21,13,32,29,19,53,30,26,5,0,19,0,0,0,0,0,0,0,0,0,0,6,35,35,35,35,36,37,37,37,37,36,149,106,39,31,29,26,23,26,25,31,45,41,35,12,12,12,33,20,27,21,13,74,58,14,30,31,32,38,41,46,48,58,46,35,52,69,164,191,151,147,136,135,131,119,114,103,92,65,53,36,37,44,45,51,52,50,54,63,67,53,52,26,0,0,8,8,8,7,0,0,0,3,6,7,7,8,8,8,8,0,0,0,0,0,0,0
4,3,2,0,0,0,0,0,0,0,0,0,0,0,0,0,0,0,0,0,0,7,0,13,44,45,43,31,17,6,7,15,21,23,23,24,24,26,24,35,38,38,36,45,30,33,27,18,34,41,41,52,54,62,67,68,32,29,30,25,17,1,0,0,3,14,4,4,5,0,0,1,1,35,39,33,17,35,33,33,16,33,18,6,11,16,4,4,0,0,0,0,0,0,0,0,0,0,0,0,9,35,35,35,36,36,37,37,40,42,51,151,109,33,29,27,26,25,19,91,32,98,74,13,14,12,75,61,23,13,19,12,60,58,14,23,32,57,71,62,39,45,54,48,56,54,71,75,183,149,141,133,132,125,114,106,95,68,53,37,30,33,36,36,36,45,49,50,52,56,49,50,52,27,10,49,57,49,8,8,8,8,8,8,8,8,8,8,0,0,0,0,0,0,0,0,0
3,2,3,0,0,0,0,0,0,0,0,0,0,0,0,0,0,0,0,0,16,42,38,10,22,45,42,27,13,0,16,14,23,23,23,11,23,26,29,36,38,17,43,49,41,34,34,31,40,46,50,61,65,73,71,90,29,27,27,22,5,1,8,8,0,4,0,0,4,0,0,1,14,18,14,13,6,2,3,3,2,6,4,2,7,13,6,0,0,0,0,0,0,0,0,0,0,0,0,0,5,34,35,35,36,34,36,39,40,41,60,156,114,38,31,30,30,30,25,18,39,85,31,85,92,98,88,41,13,21,13,24,70,58,14,51,63,59,68,66,65,56,54,51,83,111,154,191,151,130,130,130,125,116,105,90,69,54,40,29,27,25,30,32,33,35,39,49,51,55,51,53,53,58,30,43,54,61,70,70,58,22,22,6,8,0,0,0,0,0,0,0,0,0,0,0,0
0,0,2,2,0,0,0,0,0,0,0,0,0,0,0,0,0,0,0,0,45,48,48,31,14,15,41,22,11,0,18,23,23,23,24,24,24,26,24,37,37,32,43,52,52,44,47,38,37,49,53,61,70,89,25,35,35,31,21,8,6,11,12,8,10,9,0,1,1,1,1,0,19,14,11,4,2,2,2,1,1,1,0,0,0,2,12,1,0,0,0,0,0,0,0,0,0,0,0,0,22,35,35,36,36,36,36,38,39,35,45,169,115,43,36,34,33,36,125,126,126,123,102,111,92,78,60,22,13,13,20,24,74,50,15,19,31,41,32,40,56,66,83,63,114,145,166,179,144,129,119,115,113,103,84,71,50,24,32,21,23,29,30,8,34,36,13,13,59,52,47,48,54,45,15,29,35,54,59,62,73,73,65,0,0,0,0,0,0,0,0,0,0,0,0,0,0
3,0,0,1,1,0,0,0,0,0,0,0,0,0,0,0,0,0,0,0,51,50,48,45,38,1,19,22,18,1,0,1,22,25,25,25,28,27,38,44,42,22,46,24,39,41,56,51,42,49,50,60,68,34,27,26,31,22,20,13,12,13,11,10,9,7,0,0,1,0,0,0,18,18,13,3,2,0,0,0,0,0,0,0,0,0,4,4,0,0,0,0,0,0,0,0,0,0,0,1,32,35,36,36,35,37,39,39,41,44,46,164,139,99,92,40,123,124,115,94,94,94,95,91,62,6,19,21,14,15,16,101,99,76,30,11,6,13,29,39,45,53,70,158,158,180,204,147,139,122,108,98,100,85,69,52,38,30,20,22,23,24,36,31,24,41,49,40,58,35,40,43,50,15,2,24,29,40,45,55,69,75,76,21,0,0,0,0,0,0,0,0,0,0,0,0,0
3,3,0,0,0,0,0,0,0,0,0,0,0,0,0,0,0,0,0,0,42,49,46,45,44,40,32,27,19,1,1,3,23,26,27,8,32,39,27,18,47,48,46,53,43,49,64,59,51,51,55,62,48,28,24,31,26,15,14,12,10,11,11,8,7,7,0,1,0,0,0,0,19,16,11,4,1,0,0,0,0,0,0,0,0,0,0,4,0,0,0,0,0,0,0,0,0,0,0,14,32,36,36,35,34,37,40,40,42,43,46,170,139,134,131,129,131,90,101,95,90,75,69,18,15,2,19,13,15,16,94,103,81,76,67,14,7,15,24,35,46,60,58,140,182,159,157,145,135,130,121,94,87,69,48,38,30,23,16,20,23,34,41,38,45,51,56,51,50,30,39,42,51,30,10,25,25,33,37,45,57,68,70,36,11,0,0,0,0,0,0,0,0,0,0,0,0
3,2,0,0,0,0,0,0,0,0,0,0,0,0,0,0,0,0,0,0,49,48,45,45,42,38,31,18,24,3,0,0,0,0,0,16,27,45,43,25,47,45,49,55,62,65,63,64,55,53,58,63,46,21,23,14,12,8,10,16,3,8,11,7,6,1,0,0,0,0,0,1,18,16,10,2,0,0,0,0,0,0,0,0,0,0,0,0,0,0,0,0,0,0,0,0,0,0,0,18,33,36,35,35,28,34,39,41,43,43,44,119,110,107,101,95,102,99,95,90,88,75,45,22,16,5,14,13,17,58,87,68,62,42,2,13,17,18,26,39,79,59,54,81,158,150,131,128,126,127,111,84,67,42,36,28,13,22,17,20,22,36,39,47,42,41,37,38,37,38,40,47,33,23,20,20,18,27,33,41,50,56,27,20,17,0,0,0,0,0,0,0,0,0,0,0,0
3,3,3,2,0,0,0,0,0,0,0,0,0,0,0,0,0,0,0,0,47,47,45,44,41,17,32,28,26,0,0,0,0,0,0,0,0,11,22,40,50,37,56,58,63,64,64,66,67,88,73,10,23,28,19,13,13,10,15,16,15,13,12,8,6,1,0,0,3,4,3,5,20,13,7,0,0,1,0,0,0,0,0,0,0,0,0,0,0,0,0,0,0,0,0,0,0,0,7,28,35,36,35,36,36,36,38,42,44,44,45,127,81,105,100,100,90,89,93,86,82,64,32,18,10,16,15,17,15,80,70,62,62,5,1,14,16,19,25,97,107,144,160,170,148,121,129,121,121,116,98,77,48,36,29,9,13,26,18,21,37,32,31,33,30,28,27,30,39,42,41,39,27,20,14,14,19,33,37,32,36,44,46,39,0,0,0,0,0,0,0,0,0,0,0,0,0
4,4,2,0,0,0,0,0,0,0,0,0,0,0,0,0,0,0,0,16,49,46,45,44,42,39,31,29,25,4,1,1,3,5,1,7,3,11,36,41,25,54,60,64,65,67,66,68,66,23,17,2,19,19,7,13,12,12,14,9,14,12,13,2,3,11,9,9,6,9,8,9,7,13,0,0,3,2,1,0,0,0,0,0,0,0,0,0,0,0,0,0,0,0,0,0,0,0,16,31,35,38,32,38,39,40,42,36,44,44,74,90,78,79,80,97,95,80,85,83,77,51,31,24,17,15,16,17,17,92,66,45,0,11,21,20,49,65,74,78,80,126,142,133,138,115,123,119,113,98,81,49,37,22,9,8,11,16,18,18,19,22,24,22,17,18,19,27,31,35,23,19,19,21,29,29,28,27,14,13,27,36,46,50,0,0,0,0,0,0,0,0,0,0,0,0,0
4,4,1,1,0,0,0,0,0,0,0,0,0,0,0,0,0,0,0,1,49,45,45,44,42,39,34,29,26,5,3,3,7,8,5,0,5,12,0,19,26,21,62,69,71,70,67,70,28,21,15,3,11,17,5,3,16,14,6,5,14,12,13,7,3,0,4,8,5,3,4,8,8,0,14,10,8,2,0,0,0,0,0,0,0,0,0,0,0,0,0,0,0,0,0,0,0,0,15,33,37,34,34,39,40,42,44,44,44,43,46,84,81,78,84,79,87,83,81,83,78,52,31,25,11,12,17,11,83,87,58,49,5,28,67,79,73,66,17,18,21,65,95,136,126,111,113,104,88,64,47,34,19,10,5,6,8,9,10,11,16,16,13,12,8,8,19,19,19,19,17,17,16,26,16,15,12,12,11,11,21,32,41,33,0,0,0,0,0,0,0,0,0,0,0,0,0
4,4,1,0,0,0,0,0,0,0,0,0,0,0,0,0,0,0,0,0,52,45,45,44,42,38,16,26,0,7,1,0,1,1,8,6,4,13,12,16,15,24,49,68,71,64,64,26,22,19,15,9,7,4,12,5,16,13,1,15,13,12,11,8,0,0,6,2,0,1,7,7,8,9,17,14,9,2,0,0,0,0,0,0,0,0,0,0,0,0,0,0,0,0,0,0,0,0,13,31,29,33,34,32,35,42,44,44,44,44,82,101,79,86,88,85,82,80,76,79,82,59,31,19,0,0,5,13,75,81,66,46,14,3,21,45,22,9,7,4,11,21,74,123,104,93,87,91,77,47,29,16,13,12,7,1,1,5,6,8,11,6,9,13,15,16,17,15,15,14,14,14,13,12,12,11,8,10,17,20,18,36,36,0,0,0,0,0,0,0,0,0,0,0,0,0,0
4,4,3,0,0,0,0,0,0,0,0,0,0,0,0,0,0,0,1,2,52,45,45,44,42,38,31,25,21,20,8,5,3,7,12,9,11,15,23,41,26,27,40,70,61,73,26,25,20,17,14,13,16,7,7,9,17,16,16,14,13,10,10,5,0,5,4,3,2,8,7,11,7,6,17,18,10,2,0,0,0,0,0,0,0,0,0,0,0,0,0,0,0,0,0,0,0,0,15,25,33,35,24,33,38,43,42,41,43,44,137,98,95,93,86,85,72,73,78,75,72,68,39,22,0,0,3,11,79,79,71,50,25,0,1,15,4,14,24,9,2,20,33,114,106,79,63,60,45,29,17,14,14,13,13,3,1,1,6,6,7,9,12,12,12,12,13,13,14,14,13,12,11,8,6,7,10,18,19,25,31,30,29,0,0,0,0,0,0,0,0,0,0,0,0,0,0
4,4,2,0,0,0,0,0,0,0,0,0,0,0,0,0,0,0,0,4,54,49,45,45,43,39,30,6,24,27,19,8,8,17,24,35,20,16,18,46,29,32,40,24,31,0,26,27,25,16,14,14,19,20,14,15,9,15,16,14,14,10,5,10,11,11,10,9,10,10,4,3,4,7,5,24,17,3,1,0,0,0,0,0,0,0,0,0,0,0,0,0,0,0,0,0,0,0,1,28,32,19,12,33,33,42,44,44,44,44,121,69,70,90,87,83,75,70,68,71,71,69,49,28,0,0,3,10,11,90,74,66,31,18,40,1,4,4,0,7,13,22,28,99,82,56,37,26,25,17,14,5,5,16,13,2,1,1,2,2,2,7,8,12,12,12,12,13,12,11,6,5,5,6,6,13,18,18,20,23,28,28,14,1,0,0,0,0,0,0,0,0,0,0,0,0,0
5,3,0,0,0,0,0,0,0,0,0,0,0,0,0,0,2,2,2,5,58,53,49,44,42,40,30,23,0,1,26,12,20,25,26,22,36,19,22,39,37,36,40,52,22,0,23,26,19,30,24,9,8,20,16,11,8,9,15,13,13,13,10,6,5,5,4,7,7,0,0,0,2,5,8,34,17,5,1,0,0,0,0,0,0,0,0,0,0,0,0,0,0,0,0,0,0,1,1,16,32,31,32,17,33,40,42,44,44,113,74,64,64,63,74,83,72,70,75,72,67,66,49,25,4,0,0,7,10,33,78,55,65,67,67,19,9,13,25,24,29,32,69,82,58,34,9,11,10,15,13,8,5,14,4,1,0,0,0,1,1,2,2,7,11,8,9,7,7,7,9,6,4,6,14,18,18,19,19,22,25,24,24,4,0,0,0,0,0,0,0,0,0,0,0,0,0
5,3,0,0,4,3,0,0,0,0,0,0,0,0,0,1,4,4,5,9,63,60,54,49,43,39,28,0,0,0,9,9,1,1,32,41,36,36,41,41,27,51,35,22,20,1,0,21,18,21,21,23,20,18,15,16,10,7,7,12,9,7,4,4,0,5,4,4,2,0,0,0,0,3,3,31,17,9,2,1,0,3,2,3,3,1,0,0,0,0,0,0,0,0,0,0,0,1,1,16,32,32,33,33,34,40,42,44,86,65,63,61,60,58,51,77,72,65,72,62,58,61,42,24,0,0,0,0,9,18,81,77,80,64,54,3,17,42,66,62,66,71,63,22,18,5,5,11,18,16,16,12,14,13,12,3,0,0,0,1,1,0,1,2,5,7,6,5,6,11,11,15,17,18,18,18,19,15,17,18,19,16,20,26,25,0,0,0,0,8,0,0,0,0,0,0,0
5,4,1,3,5,6,5,3,2,0,0,0,0,0,0,2,5,10,11,10,65,64,60,53,43,38,30,20,5,0,0,8,1,7,13,35,38,39,42,51,45,26,20,19,18,1,0,16,16,15,24,21,21,16,15,15,14,10,12,12,6,4,2,3,4,0,3,2,0,0,0,0,0,1,3,3,17,9,3,1,0,1,2,3,3,3,1,0,0,1,1,0,0,0,0,0,1,1,1,17,32,32,32,33,37,40,41,43,107,63,60,55,54,52,51,44,55,69,74,65,53,37,18,3,0,0,0,0,0,8,49,87,82,41,16,19,29,50,14,10,12,17,8,4,4,3,17,17,12,3,3,4,4,17,18,3,3,1,1,0,1,1,0,0,1,2,3,4,6,6,5,14,13,16,16,16,14,15,14,16,17,19,21,27,31,16,16,6,0,8,0,0,0,0,0,0,0
4,4,6,7,8,6,6,4,2,0,0,0,0,0,0,0,0,12,27,20,63,70,62,57,47,38,31,23,23,0,0,1,5,16,40,41,17,25,46,22,17,15,17,15,14,3,0,14,12,10,14,17,21,18,16,14,14,13,10,9,7,3,0,3,7,5,0,1,0,0,0,0,1,1,2,7,15,8,4,1,0,0,1,0,2,2,0,0,0,1,1,1,1,1,0,1,1,1,5,17,33,28,31,33,33,32,40,37,77,61,54,51,48,45,45,37,36,36,60,64,49,29,13,0,0,0,0,0,0,0,51,61,60,29,15,20,20,5,4,8,14,2,1,14,17,15,17,18,17,12,11,6,4,12,19,19,11,8,8,1,0,0,2,1,1,1,2,5,5,13,11,15,14,8,11,11,11,12,14,14,18,21,24,29,34,36,29,0,0,0,0,0,0,0,0,0,0
8,6,7,8,8,6,0,4,0,0,0,1,0,0,0,0,0,0,0,26,66,81,72,61,50,41,33,28,27,20,8,6,3,19,11,42,42,45,35,15,12,14,12,12,11,4,0,10,9,10,12,11,19,18,16,14,14,13,12,8,6,4,0,4,1,1,1,1,0,0,1,1,1,1,3,11,16,9,6,1,0,0,0,0,0,0,0,0,0,1,1,1,1,1,1,0,0,1,9,19,33,31,31,34,36,37,32,37,83,56,49,45,42,41,34,33,32,26,41,58,46,29,13,3,0,0,0,0,8,20,53,51,40,18,13,3,3,5,7,28,39,28,1,10,21,20,20,19,17,16,16,14,13,16,18,20,17,12,12,1,2,8,8,7,3,3,7,11,15,13,14,11,15,14,8,8,11,11,12,13,18,19,23,26,32,38,0,0,0,0,0,0,0,0,0,0,0
10,13,11,11,9,7,5,2,0,0,1,1,0,0,0,0,0,0,0,20,81,82,74,72,53,44,36,31,27,26,26,9,5,0,17,11,18,15,12,12,12,9,9,8,8,1,0,4,3,2,9,14,15,18,16,15,14,14,12,11,5,4,1,1,1,1,1,0,0,1,1,1,2,2,5,12,15,15,14,8,0,0,0,0,0,0,0,0,0,1,1,1,1,1,1,0,0,1,8,23,26,30,31,32,32,38,37,39,93,60,47,44,38,38,37,29,28,25,31,35,41,28,21,8,0,14,14,12,13,43,41,39,29,15,3,2,3,17,20,33,47,73,9,1,15,40,37,32,20,28,25,13,16,17,18,18,20,11,12,2,10,9,10,13,10,0,7,8,17,14,13,11,15,15,11,0,8,11,11,14,18,20,21,23,28,32,31,0,0,0,0,0,0,0,0,0,0
0,14,25,19,11,7,6,6,2,0,0,1,0,0,0,0,0,0,0,0,32,85,75,65,57,46,38,33,27,6,26,25,8,4,12,12,12,11,11,9,8,8,6,4,4,3,0,4,0,5,5,7,18,17,16,15,15,15,13,8,8,4,0,0,1,1,1,1,1,2,2,2,2,3,5,14,13,13,12,11,11,0,0,2,0,0,0,0,0,0,0,1,0,1,1,2,3,8,18,25,30,31,31,32,34,38,39,39,100,57,45,41,41,35,32,30,23,19,19,19,18,26,22,14,8,9,6,4,0,2,44,36,27,15,25,21,18,21,32,23,94,102,10,8,16,24,46,51,35,36,34,30,25,15,14,22,22,15,3,3,10,10,15,9,0,9,0,14,17,18,15,12,12,10,0,0,0,8,10,13,17,20,21,25,23,28,19,0,0,0,0,0,0,0,0,0,0
0,0,16,25,23,11,8,6,5,1,4,2,0,0,0,0,0,0,0,0,0,94,85,71,67,45,38,31,26,26,1,26,29,17,15,11,10,8,8,7,8,4,4,3,3,0,0,4,1,5,4,4,8,17,17,15,15,14,12,8,8,7,0,0,0,0,1,1,1,2,2,2,2,8,13,13,11,11,11,11,11,4,0,0,0,0,0,0,0,0,0,0,0,1,1,2,4,13,21,25,29,33,32,34,34,32,40,54,60,54,43,41,37,35,33,28,24,16,14,13,13,13,14,7,3,4,3,0,0,0,53,44,33,28,31,33,32,32,37,42,96,74,3,11,20,27,41,92,63,60,44,30,29,26,29,30,21,16,11,12,11,12,19,0,0,8,0,17,17,16,15,10,9,0,0,0,0,8,9,14,15,18,18,22,24,21,3,0,0,0,0,0,0,0,0,0,0
0,0,0,0,26,20,8,6,5,4,4,4,2,0,1,0,0,0,0,0,0,78,91,78,54,45,35,30,27,26,21,26,7,38,11,9,8,8,6,5,4,4,0,0,4,0,0,5,3,3,1,1,1,18,16,15,6,13,11,12,10,9,2,0,0,0,1,1,1,2,2,2,5,13,12,11,11,11,11,11,11,9,5,4,1,0,0,0,0,0,1,1,0,0,0,3,4,14,17,11,4,10,19,15,32,35,32,56,44,45,38,35,35,34,30,30,18,15,13,13,12,12,7,0,0,0,1,0,5,12,59,53,45,37,37,41,41,36,36,45,97,64,2,14,53,113,139,145,159,151,138,98,34,29,31,38,35,34,20,14,13,21,12,5,7,0,10,19,17,14,10,7,0,0,0,0,0,8,10,8,12,11,14,16,17,22,12,0,0,0,0,0,0,0,0,0,0
0,0,0,0,0,24,8,6,0,4,5,4,2,0,2,0,0,0,0,0,0,92,92,78,54,55,40,34,31,29,1,6,18,10,9,7,5,3,0,5,5,5,2,0,0,4,3,3,3,2,1,0,1,2,15,17,15,13,12,13,11,10,4,0,0,1,1,1,1,2,5,5,12,11,11,11,11,11,11,11,11,11,11,11,3,0,0,0,0,1,1,2,1,0,0,1,5,16,20,24,25,25,32,35,35,35,33,64,52,38,36,31,30,30,26,25,21,20,20,27,19,8,2,0,0,0,6,1,5,12,37,53,45,40,41,44,46,39,41,69,85,72,8,45,80,112,107,106,38,78,67,114,62,43,42,41,36,34,31,25,22,9,9,5,6,6,1,17,15,10,0,0,0,0,0,0,8,8,9,10,11,10,12,14,14,14,17,0,0,0,0,0,0,0,0,0,0
0,0,0,0,0,20,7,5,0,5,5,5,4,2,0,0,0,0,0,0,0,3,92,79,62,59,48,36,32,32,26,7,15,9,7,6,4,0,0,4,4,4,4,0,3,4,4,3,2,0,0,0,1,1,0,7,15,13,13,12,11,11,8,3,0,0,1,0,1,1,1,5,11,11,11,11,11,11,11,11,11,11,11,11,8,0,0,0,0,1,1,4,4,0,0,0,5,8,20,22,27,32,34,35,35,38,37,63,49,45,33,31,31,28,24,23,24,32,34,33,20,1,0,2,0,0,5,6,5,7,9,46,49,51,46,45,42,45,44,59,92,81,45,6,41,52,26,27,35,43,55,92,106,69,63,51,35,40,38,39,5,6,9,7,5,4,7,7,11,0,0,0,0,0,0,8,8,8,10,10,8,9,11,14,14,16,14,8,0,0,0,0,0,0,0,0,0
0,0,0,0,0,8,7,6,0,4,5,5,5,4,3,0,0,0,0,0,19,95,99,88,76,65,55,39,32,32,28,2,10,9,6,6,5,3,0,3,5,4,3,3,0,3,3,3,1,0,0,0,1,0,0,0,16,16,15,14,11,11,9,5,0,0,0,0,1,1,0,12,11,11,11,11,11,11,11,11,11,11,11,8,8,4,1,1,0,1,2,4,4,0,0,0,2,4,4,4,4,6,34,35,35,38,38,82,51,48,33,32,29,26,27,23,36,34,37,25,15,0,0,2,4,4,8,15,14,4,0,0,40,44,48,46,56,52,48,68,116,88,78,35,57,51,21,42,55,60,71,73,148,165,100,74,55,46,48,18,1,6,9,7,6,3,2,0,0,0,0,0,0,0,8,8,8,9,9,11,11,8,9,12,14,14,14,14,16,0,0,0,0,2,6,0,0
0,0,0,0,0,0,8,6,5,0,5,5,5,5,5,2,0,0,0,0,20,98,103,98,83,76,66,50,36,33,31,18,10,8,7,6,5,5,1,2,4,1,4,3,1,0,2,2,2,1,0,0,1,0,0,2,2,2,2,2,9,11,11,4,1,1,1,1,0,1,3,11,11,11,10,11,11,11,11,11,11,11,8,8,7,2,1,0,0,1,4,4,2,0,0,0,8,11,7,18,7,4,24,24,22,24,38,80,48,42,36,28,41,40,39,27,39,38,36,11,5,0,3,0,4,7,10,23,22,19,19,13,1,34,44,49,53,44,83,123,106,126,111,129,114,99,28,37,48,64,69,72,138,143,132,109,51,2,0,4,5,2,7,7,6,5,0,0,0,0,0,0,0,0,8,8,8,8,10,11,11,10,9,9,11,15,17,17,17,19,8,0,0,10,16,8,0
0,0,0,0,0,0,8,6,5,0,0,0,6,10,11,11,6,0,1,14,0,9,34,89,93,82,73,66,55,41,38,10,9,7,6,6,6,4,1,4,4,2,3,3,1,1,2,2,2,1,0,1,1,0,2,2,2,2,2,1,2,2,2,1,0,0,0,0,1,1,5,9,10,10,10,10,10,11,11,11,11,8,7,5,4,0,0,0,0,1,4,4,0,0,0,2,11,18,17,10,12,21,28,32,32,33,38,87,49,48,37,40,48,41,45,43,39,28,34,12,4,0,0,2,4,7,12,35,26,22,27,27,19,16,38,53,51,52,163,157,143,154,161,63,27,64,25,39,46,63,69,69,116,150,161,105,0,0,0,0,0,0,0,1,2,5,2,0,0,0,0,0,0,0,8,8,8,8,11,11,11,11,12,9,9,11,12,14,15,18,18,0,7,17,19,19,11
0,0,0,0,0,0,10,7,5,0,0,0,11,11,11,13,12,9,2,0,1,16,24,30,30,85,76,70,66,50,32,18,9,6,6,6,6,5,0,4,3,3,3,0,1,3,2,2,1,0,0,0,0,1,2,2,2,2,2,1,2,2,2,2,1,0,0,0,1,1,1,6,10,10,8,8,10,10,10,10,8,5,3,0,0,0,0,0,0,0,4,4,0,1,4,10,14,21,25,20,0,24,32,35,36,39,41,54,42,29,59,50,51,51,45,40,39,37,26,10,4,4,4,4,0,8,12,14,26,34,35,47,20,35,34,43,47,159,125,136,134,139,50,124,6,67,31,48,57,54,60,132,122,83,88,74,7,0,0,0,0,1,1,3,6,6,4,2,0,0,0,0,0,0,8,8,8,8,10,10,11,11,12,9,10,10,11,13,14,16,19,18,11,18,19,19,19
0,0,0,0,0,0,10,7,5,0,0,0,11,12,12,12,18,19,15,0,21,5,21,28,28,26,73,73,63,51,46,33,12,6,6,5,5,4,0,0,1,0,0,0,1,3,3,3,1,0,0,0,0,2,2,2,2,2,1,2,1,1,2,3,2,1,0,1,1,1,1,7,7,7,7,7,7,7,9,5,1,0,0,0,0,0,0,0,0,0,0,0,0,1,7,13,17,21,26,25,21,19,29,36,38,40,55,89,73,84,77,64,62,51,46,41,39,37,23,10,4,0,4,4,5,7,5,14,14,40,45,45,45,44,43,26,42,154,134,120,137,123,123,22,0,17,15,45,55,63,144,72,75,138,78,38,35,1,1,2,2,2,3,6,8,7,6,5,2,0,0,0,0,0,0,0,8,8,9,10,9,11,12,12,12,11,16,14,15,16,18,20,20,19,19,19,0
0,0,0,0,0,0,8,11,7,5,0,5,9,13,19,19,19,17,1,22,21,21,18,21,14,13,9,9,57,53,49,26,28,11,7,2,0,0,0,0,0,0,0,0,4,4,4,4,4,1,1,0,0,2,2,0,1,1,1,1,0,0,1,1,3,2,0,2,1,1,4,5,5,6,5,5,2,6,7,0,4,0,0,0,0,0,0,0,0,0,0,0,0,0,6,13,21,21,26,26,26,28,33,36,38,34,40,58,84,74,95,89,68,61,47,43,39,36,25,11,4,0,0,4,6,10,11,14,15,35,48,47,49,48,44,53,68,153,156,133,144,135,27,19,24,39,24,15,19,24,108,71,59,65,55,63,70,9,4,4,5,5,6,7,9,8,6,5,0,0,0,0,0,0,0,0,0,8,8,8,10,11,12,12,12,11,15,16,17,15,16,18,22,23,19,19,0
0,0,0,0,0,0,0,11,11,9,5,5,11,13,20,20,19,0,0,0,21,19,15,14,10,8,7,7,0,0,26,6,14,12,9,1,0,0,0,0,0,0,0,5,5,5,4,4,4,3,4,3,1,0,0,0,0,0,0,0,0,3,0,2,0,0,0,2,0,1,0,3,4,2,4,1,3,0,0,2,10,3,0,0,0,0,0,0,0,0,0,0,0,1,2,13,18,21,26,26,28,31,30,36,39,39,39,39,82,32,2,47,51,51,45,42,40,35,31,11,6,0,0,0,0,0,6,14,17,20,34,54,56,51,48,65,148,144,148,148,120,135,125,31,64,119,40,37,23,6,65,40,34,34,72,75,79,93,13,6,8,6,7,9,10,10,0,0,0,0,2,2,2,0,0,0,0,7,10,10,11,11,11,12,12,13,11,12,18,18,18,19,21,23,20,0,0
0,0,0,0,0,0,0,0,10,10,8,0,0,0,0,0,11,5,1,0,10,14,11,10,9,7,4,2,0,0,0,0,13,11,9,1,0,0,0,0,0,7,6,5,5,5,5,3,0,0,0,0,0,0,0,0,5,2,3,0,4,5,5,4,0,1,1,0,0,4,1,1,1,1,1,1,0,7,1,8,6,9,3,0,0,0,0,0,0,0,0,1,0,1,4,0,11,22,23,27,29,32,33,34,39,40,41,41,42,12,5,19,29,35,28,42,25,34,15,11,9,2,0,0,0,0,0,0,17,12,22,28,49,57,73,151,133,136,136,146,140,139,109,62,17,16,45,47,43,22,42,62,51,21,66,68,76,102,68,20,20,10,9,9,2,0,0,0,0,0,0,2,3,3,2,1,3,10,11,11,11,11,11,12,12,12,14,12,14,19,20,20,20,22,19,0,0
0,0,0,0,0,0,0,0,0,11,11,0,0,0,1,14,9,0,12,0,0,9,9,6,6,4,2,0,0,0,0,0,13,10,8,7,0,0,0,0,1,7,6,5,5,5,1,0,0,0,0,0,0,0,0,6,0,6,6,6,5,2,0,1,1,2,3,3,1,4,4,4,0,3,1,3,5,10,2,3,6,7,5,2,0,0,0,0,0,0,1,1,1,2,9,15,17,22,23,27,29,37,35,39,40,41,41,69,30,18,6,13,10,5,27,26,32,32,0,8,9,5,0,0,0,0,0,0,0,0,0,0,23,47,117,139,141,133,136,140,119,107,73,23,30,15,42,55,57,24,25,50,56,50,73,54,99,117,136,41,14,12,8,0,0,0,0,0,0,0,1,3,3,3,3,3,3,7,11,11,11,11,11,12,14,14,16,14,16,19,20,21,21,22,22,0,0
0,0,0,0,0,0,0,0,0,0,11,11,1,0,15,12,9,3,7,6,0,0,9,5,3,3,0,0,0,0,0,0,11,10,8,7,2,0,0,0,7,7,5,5,5,0,0,0,0,0,0,0,0,1,6,7,1,9,9,2,0,0,0,1,2,4,5,11,8,5,5,4,4,3,1,0,3,3,5,4,5,6,6,6,2,0,0,0,0,0,2,3,1,3,9,17,23,23,23,25,31,39,39,36,37,41,68,31,29,28,17,3,4,0,3,21,20,0,0,0,0,0,0,0,0,0,0,0,0,0,0,6,18,14,81,146,142,125,139,117,108,89,64,33,32,43,33,44,55,56,37,47,58,91,77,85,106,123,117,112,6,1,0,0,0,0,0,0,0,0,1,3,3,3,3,3,3,11,11,11,11,11,11,14,14,14,14,12,18,21,21,21,22,23,0,0,0
0,0,0,0,0,0,0,0,0,11,11,0,0,0,13,12,11,3,3,3,0,0,3,2,2,2,2,0,0,0,0,0,10,9,8,7,2,0,0,0,8,9,6,5,0,5,3,1,0,0,0,1,5,4,0,0,0,0,0,0,0,0,1,3,4,7,8,8,11,4,6,6,4,4,6,5,4,4,3,2,5,6,6,6,1,1,0,0,1,3,5,7,4,4,8,20,22,23,25,26,32,39,41,36,37,68,31,29,29,27,22,12,3,0,0,0,0,0,0,0,0,0,0,0,0,0,0,0,0,0,0,1,0,0,21,132,145,142,126,116,92,62,89,88,69,35,33,42,78,99,57,103,120,117,69,93,116,132,142,0,0,0,0,0,0,0,0,0,0,0,3,4,3,5,5,5,12,12,12,12,12,12,13,13,14,14,16,20,18,20,22,23,25,20,0,0,0
0,0,0,0,0,0,0,0,0,0,0,0,0,0,16,14,9,5,2,2,2,1,1,1,1,1,1,1,0,0,0,0,5,1,1,8,0,0,0,1,11,9,6,0,2,10,5,3,0,0,1,5,9,4,0,0,0,0,0,0,0,1,1,5,8,8,8,8,9,8,7,10,7,2,5,6,4,4,3,2,5,6,9,6,1,1,1,1,2,7,15,16,9,8,16,20,22,24,25,29,35,39,42,36,37,67,30,29,26,26,24,17,0,0,0,0,0,0,0,0,0,6,5,0,0,0,0,0,0,0,0,0,0,0,0,131,141,143,137,121,92,84,113,90,56,48,37,45,99,114,113,84,115,126,106,119,109,132,140,0,0,0,0,0,0,0,0,0,0,0,1,3,5,5,5,6,14,13,12,13,13,13,13,13,14,15,18,20,20,12,13,22,18,0,0,0,0
0,0,0,0,0,0,0,0,0,0,0,0,0,0,18,12,8,3,2,2,1,1,1,0,1,0,0,0,0,0,0,0,0,0,0,0,0,0,2,7,11,4,6,6,12,10,10,8,5,5,7,11,8,2,0,0,0,0,0,0,0,1,5,7,8,8,8,9,9,8,8,9,9,11,10,9,4,4,3,4,5,7,9,1,2,3,3,2,4,10,22,22,20,19,20,22,22,25,26,32,33,38,39,40,69,51,29,28,26,24,20,14,0,0,0,0,0,0,0,0,3,8,8,9,2,0,0,0,0,0,0,0,0,0,0,94,135,142,136,111,95,112,117,62,57,88,84,43,92,128,128,140,111,129,146,128,134,138,84,0,0,0,0,0,0,0,0,0,0,0,2,4,5,6,6,15,14,14,14,14,14,14,13,13,14,16,17,19,0,0,0,0,0,0,0,0,0
0,0,0,0,0,0,0,0,0,0,0,0,0,0,16,12,5,5,2,1,1,1,0,0,0,0,0,0,0,0,0,0,0,0,0,0,0,2,6,13,13,6,8,14,9,9,15,8,8,11,1,2,2,1,0,0,0,0,0,0,1,3,6,9,9,9,9,9,9,9,9,9,10,8,13,8,7,5,3,3,3,5,7,1,1,1,2,1,5,20,26,27,22,22,22,22,23,25,28,35,42,43,45,83,77,31,29,27,26,22,21,20,12,0,0,0,0,0,0,0,4,8,10,11,9,2,0,0,0,0,0,0,1,1,2,111,123,142,123,88,71,113,80,65,34,97,94,25,37,35,95,132,145,143,162,165,140,152,47,0,0,0,0,0,0,0,0,0,0,0,2,6,6,6,6,0,9,11,14,14,14,14,16,17,16,17,18,0,0,0,0,0,0,0,0,0,0
0,0,0,0,0,0,0,0,0,0,0,0,0,0,14,8,5,3,1,1,0,0,0,0,0,0,0,0,0,0,0,0,0,0,0,2,4,7,13,13,9,9,13,13,11,15,12,11,12,1,0,0,0,0,0,0,0,1,1,2,4,6,6,9,9,9,9,9,9,9,9,9,10,10,7,10,7,5,4,2,4,4,4,1,1,1,2,3,7,22,26,28,22,22,22,22,23,25,35,46,50,49,66,82,81,32,30,27,25,23,21,20,14,0,0,0,0,1,1,6,8,9,11,12,12,10,4,2,2,2,0,1,3,8,8,137,136,136,127,1,62,119,117,46,10,63,124,108,46,40,74,87,129,152,129,143,148,104,0,0,0,0,0,0,0,0,0,0,0,1,4,6,6,6,0,0,0,8,9,14,14,15,19,21,20,19,18,0,0,0,0,0,0,0,0,0,0
0,0,0,0,0,0,0,0,0,0,0,0,0,0,12,7,4,1,1,1,0,0,0,0,0,0,0,0,0,0,3,3,4,5,6,7,8,11,15,15,10,11,14,11,0,0,11,13,9,0,0,0,0,0,0,0,0,5,6,6,6,6,6,5,0,0,8,9,9,9,10,10,10,10,12,13,16,6,5,6,3,7,5,7,6,3,3,6,14,22,26,28,23,22,22,23,24,0,22,37,50,51,85,83,84,83,44,39,32,25,22,23,18,0,0,1,1,9,8,8,11,11,12,12,12,16,16,13,11,10,10,15,17,12,12,98,100,77,66,70,112,154,110,20,46,98,126,121,115,85,105,79,95,143,161,154,140,12,0,0,0,0,0,0,0,0,0,0,0,0,2,0,0,0,0,0,0,8,14,14,14,14,17,17,19,0,0,0,0,0,0,0,0,0,0,0,0
0,0,0,0,0,0,0,0,0,0,0,0,0,2,10,9,6,1,1,1,1,1,0,0,0,0,0,0,0,0,5,6,6,7,9,11,15,15,15,14,3,8,1,0,0,0,0,2,1,0,0,0,0,0,0,0,0,5,7,7,7,8,8,9,8,0,0,0,0,9,10,10,10,10,10,9,14,7,6,1,3,7,8,9,6,6,6,12,17,25,27,1,29,24,25,26,24,3,27,16,38,38,86,86,87,85,46,42,39,35,33,32,22,8,1,1,9,10,8,0,0,0,0,12,11,17,19,21,24,26,25,20,20,38,104,130,107,108,102,97,142,113,64,5,8,26,96,132,131,122,132,137,138,145,144,166,52,0,0,0,0,0,0,0,0,0,0,0,0,0,1,3,2,0,2,4,2,13,15,15,14,14,14,10,15,0,0,0,0,0,0,0,0,0,0,0,0
0,0,0,0,0,0,0,0,0,0,0,0,0,9,8,7,8,3,3,3,1,0,0,0,0,0,0,0,0,0,4,9,13,12,12,17,14,6,3,13,0,11,0,0,0,0,0,0,0,0,0,0,0,0,1,2,4,7,7,8,9,10,9,9,9,9,9,0,0,6,10,10,10,6,0,0,3,7,6,6,4,4,1,2,4,8,12,15,23,26,19,20,29,28,30,27,24,24,29,28,30,27,50,90,91,48,47,44,38,37,33,32,16,11,8,11,11,11,11,0,0,0,0,0,0,2,13,28,29,30,30,33,38,80,145,118,128,123,128,141,144,108,66,42,2,5,20,14,78,117,129,155,154,170,164,119,0,0,0,0,0,0,0,0,0,0,0,0,0,0,0,0,0,2,3,5,10,15,15,15,14,15,14,18,14,0,0,0,0,0,0,0,0,0,0,0,0
0,0,0,0,0,0,0,0,0,0,0,0,0,9,9,8,6,6,5,2,2,1,0,0,2,0,0,0,0,0,0,5,13,21,17,15,6,4,11,5,0,0,0,0,0,0,0,0,0,0,0,0,0,1,4,5,7,7,8,9,10,10,10,10,10,10,9,9,9,9,10,10,10,0,0,0,1,12,5,6,0,7,8,8,6,6,12,4,17,25,31,32,32,37,41,24,0,1,0,0,0,0,0,44,94,52,48,44,40,36,33,30,17,12,12,12,12,11,11,0,0,0,0,0,0,0,0,5,8,30,36,41,30,61,156,160,160,165,161,165,136,109,85,95,38,13,6,24,51,138,153,158,173,174,151,22,0,0,0,0,0,0,0,0,0,0,0,0,0,0,0,0,0,0,0,5,6,14,15,15,15,14,11,17,0,0,0,0,0,0,0,0,0,0,0,0,0
0,0,0,0,0,0,0,0,0,0,0,0,0,0,12,8,10,9,7,4,3,5,6,6,4,4,1,0,0,0,0,0,11,21,20,18,15,13,13,12,11,11,9,0,0,0,0,0,0,0,0,0,1,0,0,7,7,8,9,10,10,10,10,10,10,10,10,10,10,11,11,11,10,6,4,0,0,11,4,4,7,8,9,7,10,7,14,20,23,24,30,33,34,35,21,1,24,24,29,21,8,9,9,47,101,61,49,46,42,37,33,30,15,12,12,12,12,0,0,4,0,0,0,0,0,0,0,2,8,8,11,32,31,46,152,159,164,169,174,176,141,115,123,106,81,28,21,28,41,152,165,174,161,186,37,0,0,0,0,0,0,0,0,0,0,0,0,0,0,0,0,0,0,0,2,6,6,14,15,15,15,15,15,11,0,0,0,0,0,0,0,0,0,0,0,0,0
0,0,0,0,0,0,0,0,0,0,0,0,0,0,15,13,12,11,7,8,11,11,9,5,4,2,0,0,0,0,0,0,0,23,20,18,16,14,12,12,11,11,9,6,1,0,0,0,0,0,0,1,4,4,0,0,0,7,10,10,10,10,10,10,10,10,10,10,10,11,11,11,11,10,4,0,4,13,4,3,4,6,7,12,14,18,23,23,26,12,6,20,22,25,29,27,27,30,35,36,24,19,25,44,102,95,48,44,41,38,33,27,12,12,12,12,12,0,11,11,0,0,0,0,0,0,0,1,7,8,0,5,11,12,11,71,132,127,178,173,147,132,129,114,85,40,31,30,32,46,28,70,156,36,0,0,0,0,0,0,0,0,0,0,0,0,0,0,0,0,0,0,0,0,0,4,6,6,8,9,14,15,15,8,0,0,0,0,0,0,0,0,0,0,0,0,0
0,0,0,0,0,0,0,0,0,0,0,0,0,11,15,13,12,8,3,14,14,12,7,3,0,0,0,0,0,0,0,0,0,25,24,22,16,15,13,11,11,11,9,11,9,2,1,1,1,1,2,4,5,5,0,0,0,0,4,10,10,10,10,10,10,10,10,10,10,0,11,11,11,10,6,4,4,13,6,3,1,2,5,6,7,7,22,28,31,30,27,7,26,30,29,29,29,33,38,40,41,40,34,41,95,59,50,44,40,38,33,21,12,12,12,12,11,11,11,12,9,0,0,0,0,0,0,0,7,8,8,8,8,0,0,6,51,95,156,158,160,140,126,118,96,86,69,64,81,60,54,56,53,0,0,0,0,0,0,0,0,0,0,0,0,0,0,0,0,0,0,0,0,0,0,0,0,0,0,0,8,8,8,0,0,0,0,0,0,0,0,0,0,0,0,0,0
0,0,0,0,0,0,0,0,0,0,0,0,0,16,16,15,16,16,17,17,15,12,3,1,0,0,0,0,0,0,0,0,0,13,29,26,20,15,11,11,11,11,11,11,11,8,3,1,1,4,5,7,8,5,0,0,0,0,0,2,10,10,11,10,11,11,11,11,11,11,11,11,11,11,9,6,6,6,6,1,0,0,5,6,6,9,18,27,29,35,35,36,28,9,33,33,32,34,39,41,41,41,41,78,72,59,50,43,39,37,30,19,12,12,2,6,0,11,12,12,11,0,0,0,0,0,0,0,0,8,8,8,8,0,0,5,8,12,119,159,157,139,126,116,119,107,108,114,127,108,70,72,8,0,0,0,0,0,0,0,0,0,0,0,0,0,0,0,0,0,0,0,0,0,0,0,0,0,0,0,0,0,8,0,0,0,0,0,0,0,0,0,0,0,0,0,0
0,0,0,0,0,0,0,0,0,0,0,0,0,14,18,20,20,20,20,19,15,7,4,0,0,0,0,0,0,0,0,0,0,0,29,26,18,16,12,11,11,11,11,11,11,8,5,5,4,6,8,9,0,0,1,0,0,0,0,0,3,9,11,12,12,12,12,11,11,11,11,11,11,11,1,0,0,0,0,1,2,4,7,8,8,8,7,7,21,35,36,38,37,37,37,42,42,39,42,42,42,41,48,111,111,97,46,39,35,26,8,0,0,7,11,12,11,12,12,12,12,0,0,0,0,0,0,0,0,0,8,6,0,1,0,8,8,8,50,170,147,144,128,132,130,131,121,128,144,141,123,82,0,0,0,0,0,0,0,0,0,0,0,0,0,0,0,0,0,0,0,0,0,0,0,0,0,0,0,0,0,0,8,0,0,0,0,0,0,0,0,0,0,0,0,0,0
0,0,0,0,0,0,0,0,0,0,0,0,0,0,6,25,25,24,22,20,15,5,4,0,0,0,0,0,0,0,0,0,0,0,27,25,17,16,13,13,12,10,6,11,10,8,8,8,7,9,9,0,0,7,7,2,0,0,0,0,0,0,2,0,12,12,12,12,12,12,11,11,11,11,5,0,0,0,0,4,7,11,12,13,14,7,2,0,7,7,8,8,30,38,39,42,49,58,64,57,57,54,54,107,117,64,43,37,34,14,0,0,0,0,0,12,12,12,12,12,10,0,0,0,0,0,0,0,0,0,2,0,7,8,8,8,8,8,17,162,146,136,142,138,143,149,135,98,141,158,130,11,0,0,0,0,0,0,0,0,0,0,0,0,0,0,0,0,0,0,0,0,0,0,0,0,0,0,0,0,0,8,8,0,0,0,0,0,0,0,0,0,0,0,0,0,0
0,0,0,0,0,0,0,0,0,0,0,0,0,0,0,0,13,24,24,21,17,12,4,5,0,0,0,0,0,0,0,0,0,11,10,21,15,1,1,3,11,0,0,11,11,10,10,10,9,9,0,0,8,9,9,10,6,4,0,0,0,0,0,0,5,11,12,12,12,12,12,12,12,13,1,0,0,0,0,4,10,13,14,14,16,10,7,2,0,7,8,9,10,33,41,45,48,55,71,82,78,78,105,121,68,63,30,23,19,1,0,0,0,0,2,12,12,12,12,12,11,1,0,0,0,0,0,0,0,0,0,4,8,8,8,8,8,11,32,132,156,143,107,145,150,157,148,149,154,109,0,0,0,0,0,0,0,0,0,0,0,0,0,0,0,0,0,0,0,0,0,0,0,0,0,0,0,0,0,0,0,8,8,0,0,0,0,0,0,0,0,0,0,0,0,0,0
0,0,0,0,0,0,0,0,0,0,0,0,0,0,0,0,0,24,24,23,22,10,10,5,0,0,0,2,0,0,0,0,0,11,11,4,1,1,0,0,11,11,11,11,11,10,10,9,9,5,0,9,9,9,10,11,12,10,8,1,0,0,0,0,0,0,0,0,0,10,12,12,12,0,1,0,0,0,6,12,13,15,15,11,19,14,10,9,8,7,9,9,9,9,9,34,44,51,63,86,81,128,131,70,23,25,23,19,9,0,0,0,0,12,12,12,12,12,12,12,12,0,0,0,0,0,0,0,0,0,0,3,8,8,8,8,8,13,21,104,151,156,148,147,161,160,158,154,145,10,0,0,0,0,0,0,0,0,0,0,0,0,0,0,0,0,0,0,0,0,0,1,1,1,2,2,2,2,1,2,2,8,8,0,0,0,0,0,0,0,0,0,0,0,0,0,0
0,0,0,0,0,0,0,0,0,0,0,0,0,0,0,0,0,24,25,24,23,19,18,17,4,0,0,11,7,0,0,0,9,9,4,1,0,0,13,13,12,12,11,11,11,10,10,9,5,9,9,9,9,10,11,12,12,12,12,11,8,0,0,0,0,0,0,0,0,0,12,12,9,0,3,4,6,0,13,14,15,15,15,17,21,26,26,13,10,9,9,9,0,3,9,9,47,28,37,43,88,139,58,42,27,23,19,12,0,0,0,0,12,12,12,12,12,12,12,12,10,0,0,0,0,0,0,0,0,0,0,8,8,8,8,8,8,8,8,8,104,155,155,162,165,162,169,165,32,0,0,0,0,0,0,0,0,0,0,0,0,0,0,0,0,0,0,0,0,0,0,1,1,3,4,5,6,6,6,6,11,11,0,0,0,0,0,0,0,0,0,0,0,0,0,0,0
0,0,0,0,0,0,0,0,0,0,0,0,0,0,0,0,0,0,23,24,23,23,24,24,17,14,0,11,0,0,0,0,8,4,1,1,6,13,13,13,12,12,11,11,11,10,10,9,9,9,9,9,10,11,12,13,13,13,13,13,11,11,0,0,0,0,0,0,0,0,0,0,0,0,0,4,6,4,12,17,16,15,19,21,15,31,33,26,12,9,9,9,9,9,9,9,9,9,31,51,131,85,46,30,24,21,18,2,0,0,9,12,12,12,12,12,12,12,12,12,12,4,0,0,0,0,0,0,0,0,0,8,8,8,8,8,8,8,8,8,117,173,174,172,171,174,169,44,0,0,0,0,0,0,0,0,0,0,0,0,0,0,0,0,0,0,0,0,0,0,0,1,2,3,4,5,6,7,7,17,16,14,0,0,3,0,0,0,0,0,0,0,0,0,0,0,0
0,0,0,0,0,0,0,0,0,0,0,0,0,0,0,0,0,0,0,24,24,24,25,24,20,18,16,12,10,1,9,6,5,2,7,13,17,18,17,14,12,12,12,12,11,10,10,9,9,9,9,10,11,11,13,13,13,13,13,13,13,13,12,0,0,0,0,0,0,0,0,0,10,0,0,6,8,10,14,16,16,17,21,21,24,10,28,29,28,9,9,9,9,9,9,9,17,18,51,54,110,74,39,25,23,19,12,7,2,12,12,12,12,12,12,12,12,12,12,12,12,8,0,0,0,0,0,0,0,0,0,8,8,8,8,8,11,11,10,12,33,175,182,181,178,176,76,0,0,0,0,0,0,0,0,0,0,0,0,0,0,0,0,0,0,0,0,0,0,0,0,0,2,4,5,5,5,4,7,17,17,17,13,8,0,0,0,0,0,0,0,0,0,0,0,0,0
0,0,0,0,0,0,0,0,0,0,0,0,0,0,0,0,0,0,0,0,17,16,24,24,23,19,16,11,11,11,9,6,16,12,18,18,19,19,18,14,12,12,13,12,12,10,10,9,9,9,11,12,13,13,13,13,13,13,13,13,13,13,13,12,0,0,0,0,0,0,0,0,0,0,4,10,12,17,17,17,17,23,22,16,29,25,0,29,35,29,10,9,9,9,9,14,18,33,24,46,140,73,46,25,21,19,15,14,12,12,12,12,12,12,12,13,13,12,12,12,12,8,0,0,0,0,0,0,0,0,0,7,8,8,8,8,11,14,19,24,33,35,175,182,128,0,0,0,0,0,0,0,0,0,0,0,0,0,0,0,0,0,0,0,0,0,0,0,0,0,0,1,2,4,5,5,6,6,7,17,19,19,16,0,0,0,0,0,0,0,0,0,0,0,0,0,0
0,0,0,0,0,0,0,0,0,0,0,0,0,0,0,0,0,0,0,0,21,24,24,24,19,17,11,0,11,10,17,21,17,12,19,22,21,19,1,12,12,13,13,13,12,11,10,10,11,12,13,13,13,13,13,13,13,13,13,13,13,13,13,13,12,6,0,0,0,0,0,5,0,0,11,15,16,19,18,18,23,25,29,26,32,26,26,9,0,20,24,12,10,10,15,18,20,19,20,53,111,80,55,39,36,33,21,14,12,12,13,14,14,14,14,13,15,13,12,12,9,1,0,0,0,0,0,0,0,0,0,8,8,8,8,8,11,14,24,33,33,39,27,0,0,0,0,0,0,0,0,0,0,0,0,0,0,0,0,0,0,0,0,0,0,0,0,0,0,0,0,1,3,4,5,7,7,7,7,17,19,21,0,0,0,0,0,0,0,0,0,0,0,0,0,0,0
0,0,0,0,0,0,0,0,0,0,0,0,0,0,0,0,0,0,0,0,19,25,25,19,19,17,11,9,0,0,17,9,7,7,12,7,6,1,2,13,13,13,13,13,13,11,11,12,12,13,13,13,13,13,13,13,13,13,13,13,13,13,13,13,13,13,12,0,0,0,0,10,10,12,19,19,22,22,20,20,25,26,31,31,32,30,30,33,10,9,0,11,12,20,24,37,38,33,52,53,138,134,68,47,39,35,26,21,13,13,14,16,14,14,20,23,20,13,12,12,0,4,0,0,0,0,0,0,0,0,0,8,8,8,9,10,11,18,26,33,35,11,0,0,0,0,0,0,0,0,0,0,0,0,0,0,0,0,0,0,0,0,0,0,0,0,0,0,0,0,0,1,4,5,6,7,7,9,17,18,19,21,16,0,0,0,0,0,0,0,0,0,0,0,0,0,0
0,0,0,0,0,0,0,0,0,0,0,0,0,0,0,0,0,0,0,0,25,25,25,19,18,12,11,10,9,9,9,0,0,0,0,0,3,12,14,13,13,13,13,13,13,12,12,13,13,13,13,13,13,13,13,13,13,13,13,13,13,13,13,13,13,13,13,13,10,5,5,5,16,18,23,25,24,26,27,25,25,28,32,35,37,35,33,35,34,32,23,11,19,24,26,37,43,47,53,51,117,164,77,56,45,36,34,24,13,13,24,26,37,53,49,29,14,13,12,1,11,0,0,0,0,0,0,0,0,0,0,8,8,9,10,16,18,21,28,36,7,0,0,0,0,0,0,0,0,0,0,0,0,0,0,0,0,0,0,0,0,0,0,0,0,0,0,0,0,0,1,1,1,5,6,7,7,8,18,21,22,22,0,0,0,0,0,0,0,0,0,0,0,0,0,0,0
0,0,0,0,0,0,0,0,0,0,0,0,0,0,0,0,0,0,0,0,25,25,15,12,12,11,10,9,6,0,0,0,0,0,0,0,0,14,13,13,13,14,14,13,13,12,13,13,13,13,13,13,13,13,13,13,13,13,13,13,13,13,13,13,13,13,13,13,13,13,15,13,14,19,30,39,43,34,29,26,26,31,35,39,39,37,38,38,38,39,33,23,30,31,33,41,39,52,53,57,64,123,137,71,55,43,36,33,28,17,1,46,67,70,64,26,13,13,12,12,2,0,0,0,0,0,0,0,0,0,7,8,8,9,13,20,31,30,35,24,0,0,0,0,0,0,0,0,0,0,0,0,0,0,0,0,0,0,0,0,0,0,0,0,0,0,0,0,0,1,1,1,2,5,6,7,5,10,19,21,23,22,0,0,0,0,0,0,0,0,0,0,0,0,0,0,0
0,0,0,0,0,0,0,0,0,0,0,0,0,0,0,0,0,0,0,0,0,19,13,12,11,6,6,0,0,0,0,0,0,0,0,0,0,0,0,0,0,14,14,14,13,13,13,13,13,13,13,13,13,13,13,13,13,13,13,13,13,13,13,13,13,13,13,14,14,15,17,18,16,15,32,50,47,46,40,28,31,36,38,40,40,40,39,38,39,40,40,34,30,31,37,45,44,45,46,25,20,0,109,126,65,51,41,39,40,40,69,71,83,77,32,22,13,13,12,12,0,0,0,0,0,2,2,0,0,0,5,8,8,14,20,22,31,36,36,24,0,0,0,0,0,0,0,0,0,0,0,0,0,0,0,0,0,0,0,0,0,0,0,0,0,0,0,0,0,1,1,1,2,5,6,8,7,9,13,21,22,0,0,0,0,0,0,0,0,0,0,0,0,0,0,0,0
0,0,0,0,0,0,0,0,0,0,0,0,0,0,0,0,0,0,0,0,0,19,16,12,9,7,2,0,0,0,0,0,0,0,0,0,0,0,0,0,0,0,9,14,14,14,13,13,13,13,13,13,13,13,13,13,13,13,13,13,13,13,13,15,15,15,15,15,15,16,19,20,18,15,16,43,53,55,50,42,42,40,41,41,40,40,40,42,41,41,41,41,42,36,40,46,47,52,55,24,11,0,79,132,124,64,50,44,56,85,86,84,85,39,29,19,13,12,12,12,1,0,1,0,2,4,6,7,15,15,11,8,9,19,23,26,31,40,40,30,0,0,0,0,0,0,0,0,0,0,0,0,0,0,0,0,0,0,0,0,0,0,0,0,0,0,0,0,1,1,3,3,5,5,6,8,9,16,19,22,22,0,0,0,0,0,0,0,0,0,0,0,0,0,0,0,0
0,0,0,0,0,0,0,0,0,0,0,0,0,0,0,0,0,0,0,0,12,12,11,9,9,6,4,0,0,0,0,0,0,0,0,0,0,0,0,0,0,0,0,14,14,14,14,13,13,13,6,0,1,13,13,13,13,13,13,14,14,14,15,15,18,20,19,17,17,19,24,28,27,22,16,10,54,59,60,57,57,55,53,50,49,48,47,46,45,45,43,46,46,47,46,49,51,46,30,27,0,0,0,22,124,121,101,69,84,94,93,90,85,41,34,27,14,13,12,0,5,1,4,3,2,6,10,15,16,16,16,16,18,22,23,31,39,40,28,0,0,0,0,0,0,0,0,0,0,0,0,0,0,0,0,0,0,0,0,0,0,0,0,0,0,0,0,0,1,1,4,5,5,6,6,8,16,18,21,22,0,0,0,0,0,0,0,0,0,0,0,0,0,0,0,0,0
0,0,0,0,0,0,0,0,0,0,0,0,0,0,0,0,0,0,0,0,11,9,9,7,6,5,1,0,0,0,0,0,0,0,0,0,0,0,0,0,0,0,0,0,14,14,0,0,0,0,0,0,0,0,0,0,0,0,12,14,15,17,18,19,20,22,25,26,25,28,31,35,40,44,31,22,17,63,65,64,61,63,61,61,60,65,68,64,58,53,48,48,48,49,50,51,53,54,51,20,0,0,0,0,45,119,117,106,95,100,98,95,49,42,39,34,15,13,12,12,10,6,4,4,6,8,12,18,19,21,17,17,8,22,25,32,40,33,0,0,0,0,0,0,0,0,0,0,0,0,0,0,0,0,0,0,0,0,0,0,0,0,0,0,0,0,0,1,1,4,5,5,5,6,6,6,16,18,22,0,0,0,0,0,0,0,0,0,0,0,0,0,0,0,0,0,0
0,0,0,0,0,0,0,0,0,0,0,0,0,0,0,0,0,0,0,0,9,9,9,6,4,2,1,0,0,0,0,0,0,0,0,0,0,0,0,0,0,0,0,0,0,0,0,0,0,0,0,0,0,0,0,0,0,0,0,0,0,0,0,20,22,29,32,34,34,34,37,45,46,51,53,58,49,57,71,71,71,67,63,65,64,67,70,71,63,55,53,52,50,51,54,53,55,55,20,0,0,0,0,0,0,0,121,118,113,109,101,45,44,40,39,36,18,15,12,12,11,11,12,7,3,10,19,20,21,25,23,18,18,22,31,35,41,31,18,0,0,0,0,0,0,0,0,0,0,0,0,0,0,0,0,0,0,0,0,0,0,0,0,0,0,0,1,1,4,5,5,5,5,6,9,16,16,18,15,0,0,0,0,0,0,0,0,0,0,0,0,0,0,0,0,0,0
0,0,0,0,0,0,0,0,0,0,0,0,0,0,0,0,0,0,0,0,0,9,9,6,4,3,1,0,0,0,0,0,0,0,0,0,0,0,0,0,0,0,0,0,0,0,0,0,0,0,0,0,0,0,0,0,0,0,0,0,0,0,0,0,0,0,35,37,38,40,46,47,48,54,55,61,71,74,72,80,76,76,75,72,70,68,52,71,70,60,57,55,57,54,0,0,0,0,0,0,0,0,0,0,0,0,122,126,122,111,101,59,48,41,38,36,21,15,13,12,12,13,13,14,9,18,21,26,28,31,32,24,21,27,35,39,41,38,0,0,0,0,0,0,0,0,0,0,0,0,0,0,0,0,0,0,0,0,0,0,0,0,0,0,0,0,1,1,4,7,5,7,6,11,16,16,16,18,10,0,0,0,0,0,0,0,0,0,0,0,0,0,0,0,0,0,0
0,0,0,0,0,0,0,0,0,0,0,0,0,0,0,0,0,0,0,0,0,7,6,6,4,1,0,0,0,0,0,0,0,0,0,0,0,0,0,0,0,0,0,0,0,0,0,0,0,0,0,0,0,0,0,0,0,0,0,0,0,0,0,0,0,0,0,0,41,44,47,48,57,59,66,65,77,82,83,91,89,79,77,77,76,75,71,73,73,54,58,58,0,0,0,0,0,0,0,0,0,0,0,0,0,0,0,126,126,114,93,60,48,41,39,35,19,17,16,15,14,14,16,25,25,19,25,27,30,39,39,37,34,35,39,44,45,20,0,0,0,0,0,0,0,0,0,0,0,0,0,0,0,0,0,0,0,0,0,0,0,0,0,0,0,0,1,1,9,13,14,14,10,15,16,15,18,18,0,0,0,0,0,0,0,0,0,0,0,0,0,0,0,0,0,0,0
0,0,0,0,0,0,0,0,0,0,0,0,0,0,0,0,0,0,0,0,0,3,1,0,1,1,0,0,0,0,0,0,0,0,0,0,0,0,0,0,0,0,0,0,0,0,0,0,0,0,0,0,0,0,0,0,0,0,0,0,0,0,0,0,0,0,0,0,0,0,0,21,40,52,68,76,84,91,90,83,66,57,12,0,0,0,20,0,0,0,0,0,0,0,0,0,0,0,0,0,0,0,0,0,0,0,0,0,107,116,67,62,45,41,39,37,9,18,18,17,15,15,26,27,26,24,26,12,25,39,44,40,40,40,45,47,45,0,0,0,0,0,0,0,0,0,0,0,0,0,0,0,0,0,0,0,0,0,0,0,0,0,0,0,0,0,0,1,12,14,14,3,6,15,16,17,19,0,0,0,0,0,0,0,0,0,0,0,0,0,0,0,0,0,0,0,0
0,0,0,0,0,0,0,0,0,0,0,0,0,0,0,0,0,0,0,0,0,1,0,0,0,0,0,0,0,0,0,0,0,0,0,0,0,0,0,0,0,0,0,0,0,0,0,0,0,0,0,0,0,0,0,0,0,0,0,0,0,0,0,0,0,0,0,0,0,0,0,0,0,0,0,0,0,0,14,0,0,0,0,0,0,0,0,0,0,0,0,0,0,0,0,0,0,0,0,0,0,0,0,0,0,0,0,0,0,60,62,42,48,42,40,37,23,23,20,19,20,29,28,28,28,28,27,28,35,43,46,45,44,46,47,50,25,0,0,0,0,0,0,0,0,0,0,0,0,0,0,0,0,0,0,0,0,0,0,0,0,0,0,0,0,0,0,0,7,13,14,6,15,15,17,19,10,0,0,0,0,0,0,0,0,0,0,0,0,0,0,0,0,0,0,0,0
0,0,0,0,0,0,0,0,0,0,0,0,0,0,0,0,0,0,0,0,0,1,0,0,0,0,0,0,0,0,0,0,0,0,0,0,0,0,0,0,0,0,0,0,0,0,0,0,0,0,0,0,0,0,0,0,0,0,0,0,0,0,0,0,0,0,0,0,0,0,0,0,0,0,0,0,0,0,0,0,0,0,0,0,0,0,0,0,0,0,0,0,0,0,0,0,0,0,0,0,0,0,0,0,0,0,0,0,0,39,65,55,48,42,42,38,29,28,23,21,29,30,30,29,28,28,30,36,40,45,51,51,49,50,52,49,0,0,0,0,0,0,0,0,0,0,0,0,0,0,0,0,0,0,0,0,0,0,0,0,0,0,0,0,0,0,0,0,12,14,14,15,15,16,18,10,0,0,0,0,0,0,0,0,0,0,0,0,0,0,0,0,0,0,0,0,0
0,0,0,0,0,0,0,0,0,0,0,0,0,0,0,0,0,0,0,0,0,0,0,0,0,0,0,0,0,0,0,0,0,0,0,0,0,0,0,0,0,0,0,0,0,0,0,0,0,0,0,0,0,0,0,0,0,0,0,0,0,0,0,0,0,0,0,0,0,0,0,0,0,0,0,0,0,0,0,0,0,0,0,0,0,0,0,0,0,0,0,0,0,0,0,0,0,0,0,0,0,0,0,0,0,0,0,0,0,53,48,56,48,42,39,28,31,34,26,30,34,34,30,30,28,30,34,39,42,49,58,61,55,62,56,0,0,0,0,0,0,0,0,0,0,0,0,0,0,0,0,0,0,0,0,0,0,0,0,0,0,0,0,0,0,0,0,0,11,16,18,18,17,19,20,0,0,0,0,0,0,0,0,0,0,0,0,0,0,0,0,0,0,0,0,0,0
0,0,0,0,0,0,0,0,0,0,0,0,0,0,0,0,0,0,0,0,0,0,0,0,0,0,0,0,0,0,0,0,0,0,0,0,0,0,0,0,0,0,0,0,0,0,0,0,0,0,0,0,0,0,0,0,0,0,0,0,0,0,0,0,0,0,0,0,0,0,0,0,0,0,0,0,0,0,0,0,0,0,0,0,0,0,0,0,0,0,0,0,0,0,0,0,0,0,0,0,0,0,0,0,0,0,0,0,0,33,58,32,34,17,15,12,38,39,52,51,42,38,34,30,27,9,28,42,49,52,65,66,0,0,0,0,0,0,0,0,0,0,0,0,0,0,0,0,0,0,0,0,0,0,0,0,0,0,0,0,0,0,0,0,0,0,0,0,1,8,19,19,20,20,0,0,0,0,0,0,0,0,0,0,0,0,0,0,0,0,0,0,0,0,0,0,0
0,0,0,0,0,0,0,0,0,0,0,0,0,0,0,0,0,0,0,0,0,0,0,0,0,0,0,0,0,0,0,0,0,0,0,0,0,0,0,0,0,0,0,0,0,0,0,0,0,0,0,0,0,0,0,0,0,0,0,0,0,0,0,0,0,0,0,0,0,0,0,0,0,0,0,0,0,0,0,0,0,0,0,0,0,0,0,0,0,0,0,0,0,0,0,0,0,0,0,0,0,0,0,0,0,0,0,0,0,0,42,35,18,16,15,0,39,41,67,62,56,41,35,22,29,19,37,43,51,53,31,0,0,0,0,0,0,0,0,0,0,0,0,0,0,0,0,0,0,0,0,0,0,0,0,0,0,0,0,0,0,0,0,0,0,0,0,0,0,8,8,19,12,0,0,0,0,0,0,0,0,0,0,0,0,0,0,0,0,0,0,0,0,0,0,0,0
0,0,0,0,0,0,0,0,0,0,0,0,0,0,0,0,0,0,0,0,0,0,0,0,0,0,0,0,0,0,0,0,0,0,0,0,0,0,0,0,0,0,0,0,0,0,0,0,0,0,0,0,0,0,0,0,0,0,0,0,0,0,0,0,0,0,0,0,0,0,0,0,0,0,0,0,0,0,0,0,0,0,0,0,0,0,0,0,0,0,0,0,0,0,0,0,0,0,0,0,0,0,0,0,0,0,0,0,0,0,40,28,17,16,15,31,39,60,72,70,65,45,38,22,34,35,39,29,38,53,35,0,0,0,0,0,0,0,0,0,0,0,0,0,0,0,0,0,0,0,0,0,0,0,0,0,0,0,0,0,0,0,0,0,0,0,0,0,0,5,10,15,0,0,0,0,0,0,0,0,0,0,0,0,0,0,0,0,0,0,0,0,0,0,0,0,0
0,0,0,0,0,0,0,0,0,0,0,0,0,0,0,0,0,0,0,0,0,0,0,0,0,0,0,0,0,0,0,0,0,0,0,0,0,0,0,0,0,0,0,0,0,0,0,0,0,0,0,0,0,0,0,0,0,0,0,0,0,0,0,0,0,0,0,0,0,0,0,0,0,0,0,0,0,0,0,0,0,0,0,0,0,0,0,0,0,0,0,0,0,0,0,0,0,0,0,0,0,0,0,0,0,0,0,0,0,0,37,31,27,16,15,39,39,70,73,73,71,53,42,38,38,40,40,50,53,54,0,0,0,0,0,0,0,0,0,0,0,0,0,0,0,0,0,0,0,0,0,0,0,0,0,0,0,0,0,0,0,0,0,0,0,0,0,0,0,8,10,8,0,0,0,0,0,0,0,0,0,0,0,0,0,0,0,0,0,0,0,0,0,0,0,0,0
0,0,0,0,0,0,0,0,0,0,0,0,0,0,0,0,0,0,0,0,0,0,0,0,0,0,0,0,0,0,0,0,0,0,0,0,0,0,0,0,0,0,0,0,0,0,0,0,0,0,0,0,0,0,0,0,0,0,0,0,0,0,0,0,0,0,0,0,0,0,0,0,0,0,0,0,0,0,0,0,0,0,0,0,0,0,0,0,0,0,0,0,0,0,0,0,0,0,0,0,0,0,0,0,0,0,0,0,0,0,37,33,31,30,39,39,39,62,76,28,6,13,1,42,44,45,50,51,53,0,0,0,0,0,0,0,0,0,0,0,0,0,0,0,0,0,0,0,0,0,0,0,0,0,0,0,0,0,0,0,0,0,0,0,0,0,0,0,0,8,10,0,0,0,0,0,0,0,0,0,0,0,0,0,0,0,0,0,0,0,0,0,0,0,0,0,0
0,0,0,0,0,0,0,0,0,0,0,0,0,0,0,0,0,0,0,0,0,0,0,0,0,0,0,0,0,0,0,0,0,0,0,0,0,0,0,0,0,0,0,0,0,0,0,0,0,0,0,0,0,0,0,0,0,0,0,0,0,0,0,0,0,0,0,0,0,0,0,0,0,0,0,0,0,0,0,0,0,0,0,0,0,0,0,0,0,0,0,0,0,0,0,0,0,0,0,0,0,0,0,0,0,0,0,0,0,0,35,32,39,39,39,41,44,76,22,40,8,14,21,44,48,51,52,53,30,0,0,0,0,0,0,0,0,0,0,0,0,0,0,0,0,0,0,0,0,0,0,0,0,0,0,0,0,0,0,0,0,0,0,0,0,0,0,1,1,9,8,0,0,0,0,0,0,0,0,0,0,0,0,0,0,0,0,0,0,0,0,0,0,0,0,1,7
0,0,0,0,0,0,0,0,0,0,0,0,0,0,0,0,0,0,0,0,0,0,0,0,0,0,0,0,0,0,0,0,0,0,0,0,0,0,0,0,0,0,0,0,0,0,0,0,0,0,0,0,0,0,0,0,0,0,0,0,0,0,0,0,0,0,0,0,0,0,0,0,0,0,0,0,0,0,0,0,0,0,0,0,0,0,0,0,0,0,0,0,0,0,0,0,0,0,0,0,0,0,0,0,0,0,0,0,0,0,19,42,40,28,41,43,57,77,76,41,25,20,24,49,52,56,57,29,0,0,0,0,0,0,0,0,0,0,0,0,0,0,0,0,0,0,0,0,0,0,0,0,0,0,0,0,0,0,0,0,0,0,0,0,0,0,1,1,7,12,0,0,0,0,0,0,0,0,0,0,0,0,0,0,0,0,0,0,0,0,0,0,0,0,0,8,8
0,0,0,0,0,0,0,0,0,0,0,0,0,0,0,0,0,0,0,0,0,0,0,0,0,0,0,0,0,0,0,0,0,0,0,0,0,0,0,0,0,0,0,0,0,0,0,0,0,0,0,0,0,0,0,0,0,0,0,0,0,0,0,0,0,0,0,0,0,0,0,0,0,0,0,0,0,0,0,0,0,0,0,0,0,0,0,0,0,0,0,0,0,0,0,0,0,0,0,0,0,0,0,0,0,0,0,0,0,0,34,42,43,42,44,46,74,79,77,41,37,30,26,56,64,65,0,0,0,0,0,0,0,0,0,0,0,0,0,0,0,0,0,0,0,0,0,0,0,0,0,0,0,0,0,0,0,0,0,0,0,0,0,0,0,0,1,1,10,13,0,0,0,0,0,0,0,0,0,0,0,0,0,0,0,0,0,0,0,0,0,0,2,8,8,8,0
0,0,0,0,0,0,0,0,0,0,0,0,0,0,0,0,0,0,0,0,0,0,0,0,0,0,0,0,0,0,0,0,0,0,0,0,0,0,0,0,0,0,0,0,0,0,0,0,0,0,0,0,0,0,0,0,0,0,0,0,0,0,0,0,0,0,0,0,0,0,0,0,0,0,0,0,0,0,0,0,0,0,0,0,0,0,0,0,0,0,0,0,0,0,0,0,0,0,0,0,0,0,0,0,0,0,0,0,0,0,39,42,43,44,44,56,79,80,79,61,48,63,65,68,70,0,0,0,0,0,0,0,0,0,0,0,0,0,0,0,0,0,0,0,0,0,0,0,0,0,0,0,0,0,0,0,0,0,0,0,0,0,0,0,0,0,1,3,10,0,0,0,0,0,0,0,0,0,0,0,0,0,0,0,0,0,0,0,1,8,2,10,11,8,8,0,0
0,0,0,0,0,0,0,0,0,0,0,0,0,0,0,0,0,0,0,0,0,0,0,0,0,0,0,0,0,0,0,0,0,0,0,0,0,0,0,0,0,0,0,0,0,0,0,0,0,0,0,0,0,0,0,0,0,0,0,0,0,0,0,0,0,0,0,0,0,0,0,0,0,0,0,0,0,0,0,0,0,0,0,0,0,0,0,0,0,0,0,0,0,0,0,0,0,0,0,0,0,0,0,0,0,0,0,0,0,0,44,46,45,44,44,69,81,81,80,75,76,73,73,75,17,4,0,0,0,0,0,0,0,0,0,0,0,0,0,0,0,0,0,0,0,0,0,0,0,0,0,0,0,0,0,0,0,0,0,0,0,1,1,1,0,1,3,6,0,0,0,0,0,0,0,0,0,0,0,0,0,0,0,0,0,0,0,10,13,14,14,14,11,0,0,0,0
0,0,0,0,0,0,0,0,0,0,0,0,0,0,0,0,0,0,0,0,0,0,0,0,0,0,0,0,0,0,0,0,0,0,0,0,0,0,0,0,0,0,0,0,0,0,0,0,0,0,0,0,0,0,0,0,0,0,0,0,0,0,0,0,0,0,0,0,0,0,0,0,0,0,0,0,0,0,0,0,0,0,0,0,0,0,0,0,0,0,0,0,0,0,0,0,0,0,0,0,0,0,0,0,0,0,0,0,0,0,0,46,47,48,59,84,85,69,76,79,78,77,78,78,50,0,0,0,0,0,0,0,0,0,0,0,0,0,0,0,0,0,0,0,0,0,0,0,0,0,0,0,0,0,4,6,0,0,0,0,1,2,4,3,1,3,5,8,0,0,0,0,0,0,0,0,0,0,0,0,0,0,0,0,0,1,10,12,14,14,0,0,0,0,0,0,0
0,0,0,0,0,0,0,0,0,0,0,0,0,0,0,0,0,0,0,0,0,0,0,0,0,0,0,0,0,0,0,0,0,0,0,0,0,0,0,0,0,0,0,0,0,0,0,0,0,0,0,0,0,0,0,0,0,0,0,0,0,0,0,0,0,0,0,0,0,0,0,0,0,0,0,0,0,0,0,0,0,0,0,0,0,0,0,0,0,0,0,0,0,0,0,0,0,0,0,0,0,0,0,0,0,0,0,0,0,0,0,47,48,48,32,0,0,0,0,0,0,0,0,0,0,0,0,0,0,0,0,0,0,0,0,0,0,0,0,0,0,0,0,0,0,0,0,0,0,0,6,7,2,8,8,8,8,8,9,9,17,17,17,7,5,7,8,0,0,0,0,0,0,0,0,0,0,0,0,0,0,0,0,0,0,12,14,14,14,0,0,0,0,0,0,0,0
0,0,0,0,0,0,0,0,0,0,0,0,0,0,0,0,0,0,0,0,0,0,0,0,0,0,0,0,0,0,0,0,0,0,0,0,0,0,0,0,0,0,0,0,0,0,0,0,0,0,0,0,0,0,0,0,0,0,0,0,0,0,0,0,0,0,0,0,0,0,0,0,0,0,0,0,0,0,0,0,0,0,0,0,0,0,0,0,0,0,0,0,0,0,0,0,0,0,0,0,0,0,0,0,0,0,0,0,0,0,0,0,0,0,0,0,0,0,0,0,0,0,0,0,0,0,0,0,0,0,0,0,0,0,0,0,0,0,0,0,0,0,0,0,0,0,0,0,8,8,8,8,8,8,12,14,13,12,16,23,24,24,17,17,17,17,12,0,0,0,0,0,0,0,0,0,7,8,8,7,8,7,10,14,17,17,17,14,0,0,0,0,0,0,0,0,0
0,0,0,0,0,0,0,0,0,0,0,0,0,0,0,0,0,0,0,0,0,0,0,0,0,0,0,0,0,0,0,0,0,0,0,0,0,0,0,0,0,0,0,0,0,0,0,0,0,0,0,0,0,0,0,0,0,0,0,0,0,0,0,0,0,0,0,0,0,0,0,0,0,0,0,0,0,0,0,0,0,0,0,0,0,0,0,0,0,0,0,0,0,0,0,0,0,0,0,0,0,0,0,0,0,0,0,0,0,0,0,0,0,0,0,0,0,0,0,0,0,0,0,0,0,0,0,0,0,0,0,0,0,0,0,0,0,0,0,0,0,0,0,0,0,0,0,10,10,8,10,18,18,19,21,26,28,25,28,29,28,27,31,25,21,18,0,0,0,0,0,0,0,0,0,0,8,10,12,14,12,11,15,17,19,17,17,0,0,0,0,0,0,0,0,0,0
0,0,0,0,0,0,0,0,0,0,0,0,0,0,0,0,0,0,0,0,0,0,0,0,0,0,0,0,0,0,0,0,0,0,0,0,0,0,0,0,0,0,0,0,0,0,0,0,0,0,0,0,0,0,0,0,0,0,0,0,0,0,0,0,0,0,0,0,0,0,0,0,0,0,0,0,0,0,0,0,0,0,0,0,0,0,0,0,0,0,0,0,0,0,0,0,0,0,0,0,0,0,0,0,0,0,0,0,0,0,0,0,0,0,0,0,0,0,0,0,0,0,0,0,0,0,0,1,1,0,0,0,0,0,0,0,0,0,0,0,0,0,0,0,0,0,6,15,19,21,22,29,34,33,32,35,33,34,35,35,32,32,33,17,0,0,0,0,0,0,0,0,0,0,8,10,12,14,18,21,19,21,19,25,25,25,0,0,0,0,0,0,0,0,0,0,0
0,0,0,0,0,0,0,0,0,0,0,0,0,0,0,0,0,0,0,0,0,0,0,0,0,0,0,0,0,0,0,0,0,0,0,0,0,0,0,0,0,0,0,0,0,0,0,0,0,0,0,0,0,0,0,0,0,0,0,0,0,0,0,0,0,0,0,0,0,0,0,0,0,0,0,0,0,0,0,0,0,0,0,0,0,0,0,0,0,0,0,0,0,0,0,0,0,0,0,0,0,0,0,0,0,0,0,0,0,0,0,0,0,0,0,0,0,0,0,0,0,0,0,0,0,0,0,31,21,1,0,0,0,2,1,0,0,0,0,0,0,0,1,10,12,15,15,22,33,35,38,46,48,40,39,41,41,40,37,35,35,34,0,0,0,0,0,0,0,0,0,0,0,5,12,12,12,17,27,27,28,31,31,31,27,0,0,0,0,0,0,0,0,0,0,0,0
0,0,0,0,0,0,0,0,0,0,0,0,0,0,0,0,0,0,0,0,0,0,0,0,0,0,0,0,0,0,0,0,0,0,0,0,0,0,0,0,0,0,0,0,0,0,0,0,0,0,0,0,0,0,0,0,0,0,0,0,0,0,0,0,0,0,0,0,0,0,0,0,0,0,0,0,0,0,0,0,0,0,0,0,0,0,0,0,0,0,0,0,0,0,0,0,0,0,0,0,0,0,0,0,0,0,0,0,0,0,0,0,0,0,0,0,0,0,0,0,0,0,0,0,0,0,0,0,0,1,1,1,1,9,9,9,9,8,8,9,9,24,25,16,14,12,28,37,42,46,49,51,47,26,41,22,8,41,41,38,36,0,0,0,0,0,0,0,0,0,0,0,0,8,12,12,17,23,27,31,31,17,0,0,0,0,0,0,0,0,0,0,0,0,0,0,0
0,0,0,0,0,0,0,0,0,0,0,0,0,0,0,0,0,0,0,0,0,0,0,0,0,0,0,0,0,0,0,0,0,0,0,0,0,0,0,0,0,0,0,0,0,0,0,0,0,0,0,0,0,0,0,0,0,0,0,0,0,0,0,0,0,0,0,0,0,0,0,0,0,0,0,0,0,0,0,0,0,0,0,0,0,0,0,0,0,0,0,0,0,0,0,0,0,0,0,0,0,0,0,0,0,0,0,0,0,0,0,0,0,0,0,0,0,0,0,0,0,0,0,0,0,0,0,0,0,0,0,0,0,0,0,0,12,52,56,38,0,3,0,0,0,0,8,17,22,0,0,0,0,0,0,0,0,0,13,39,25,0,0,0,0,0,0,0,0,1,0,1,6,11,13,17,17,23,8,0,0,0,0,0,0,0,0,0,0,0,0,0,0,0,0,0,0
0,0,0,0,0,0,0,0,0,0,0,0,0,0,0,0,0,0,0,0,0,0,0,0,0,0,0,0,0,0,0,0,0,0,0,0,0,0,0,0,0,0,0,0,0,0,0,0,0,0,0,0,0,0,0,0,0,0,0,0,0,0,0,0,0,0,0,0,0,0,0,0,0,0,0,0,0,0,0,0,0,0,0,0,0,0,0,0,0,0,0,0,0,0,0,0,0,0,0,0,0,0,0,0,0,0,0,0,0,0,0,0,0,0,0,0,0,0,0,0,0,0,0,0,0,0,0,0,0,0,0,0,0,0,0,0,0,0,0,0,0,0,0,0,0,0,8,0,0,0,0,0,0,0,0,0,0,0,0,0,0,0,0,0,0,0,0,0,1,8,7,15,15,15,17,17,23,23,0,0,0,0,0,0,0,0,0,0,0,0,0,0,0,0,0,0,0
0,0,0,0,0,0,0,0,0,0,0,0,0,0,0,0,0,0,0,0,0,0,0,0,0,0,0,0,0,0,0,0,0,0,0,0,0,0,0,0,0,0,0,0,0,0,0,0,0,0,0,0,0,0,0,0,0,0,0,0,0,0,0,0,0,0,0,0,0,0,0,0,0,0,0,0,0,0,0,0,0,0,0,0,0,0,0,0,0,0,0,0,0,0,0,0,0,0,0,0,0,0,0,0,0,0,0,0,0,0,0,0,0,0,0,0,0,0,0,0,0,0,0,0,0,0,0,0,0,0,0,0,0,0,0,0,0,0,0,0,0,0,0,0,0,0,0,0,0,0,0,0,0,0,0,0,0,0,0,0,0,0,0,0,0,0,3,3,11,19,19,16,17,17,19,23,28,0,0,0,0,0,0,0,0,0,0,0,0,0,0,0,0,0,0,0,0
0,0,0,0,0,0,0,0,0,0,0,0,0,0,0,0,0,0,0,0,0,0,0,0,0,0,0,0,0,0,0,0,0,0,0,0,0,0,0,0,0,0,0,0,0,0,0,0,0,0,0,0,0,0,0,0,0,0,0,0,0,0,0,0,0,0,0,0,0,0,0,0,0,0,0,0,0,0,0,0,0,0,0,0,0,0,0,0,0,0,0,0,0,0,0,0,0,0,0,0,0,0,0,0,0,0,0,0,0,0,0,0,0,0,0,0,0,0,0,0,0,0,0,0,0,0,0,0,0,0,0,0,0,0,0,0,0,0,0,0,0,0,0,0,0,0,0,0,0,0,0,0,0,0,0,0,0,0,0,0,0,0,0,0,0,4,15,16,26,26,21,22,24,25,30,31,12,0,0,0,0,0,0,0,0,0,0,0,0,0,0,0,0,0,0,0,0
0,0,0,0,0,0,0,0,0,0,0,0,0,0,0,0,0,0,0,0,0,0,0,0,0,0,0,0,0,0,0,0,0,0,0,0,0,0,0,0,0,0,0,0,0,0,0,0,0,0,0,0,0,0,0,0,0,0,0,0,0,0,0,0,0,0,0,0,0,0,0,0,0,0,0,0,0,0,0,0,0,0,0,0,0,0,0,0,0,0,0,0,0,0,0,0,0,0,0,0,0,0,0,0,0,0,0,0,0,0,0,0,0,0,0,0,0,0,0,0,0,0,0,0,0,0,0,0,0,0,0,0,0,0,0,0,0,0,0,0,0,0,0,0,0,0,0,0,0,0,0,0,0,0,0,0,0,0,0,0,0,0,0,0,0,6,32,32,32,31,33,32,33,31,31,0,0,0,0,0,0,0,0,0,0,0,0,0,0,0,0,0,0,0,0,0,0
0,0,0,0,0,0,0,0,0,0,0,0,0,0,0,0,0,0,0,0,0,0,0,0,0,0,0,0,0,0,0,0,0,0,0,0,0,0,0,0,0,0,0,0,0,0,0,0,0,0,0,0,0,0,0,0,0,0,0,0,0,0,0,0,0,0,0,0,0,0,0,0,0,0,0,0,0,0,0,0,0,0,0,0,0,0,0,0,0,0,0,0,0,0,0,0,0,0,0,0,0,0,0,0,0,0,0,0,0,0,0,0,0,0,0,0,0,0,0,0,0,0,0,0,0,0,0,0,0,0,0,0,0,0,0,0,0,0,0,0,0,0,0,0,0,0,0,0,0,0,0,0,0,0,0,0,0,0,0,0,0,0,0,0,0,0,0,30,35,35,8,0,0,0,0,0,0,0,0,0,0,0,0,0,0,0,0,0,0,0,0,0,0,0,0,0,0
0,0,0,0,0,0,0,0,0,0,0,0,0,0,0,0,0,0,0,0,0,0,0,0,0,0,0,0,0,0,0,0,0,0,0,0,0,0,0,0,0,0,0,0,0,0,0,0,0,0,0,0,0,0,0,0,0,0,0,0,0,0,0,0,0,0,0,0,0,0,0,0,0,0,0,0,0,0,0,0,0,0,0,0,0,0,0,0,0,0,0,0,0,0,0,0,0,0,0,0,0,0,0,0,0,0,0,0,0,0,0,0,0,0,0,0,0,0,0,0,0,0,0,0,0,0,0,0,0,0,0,0,0,0,0,0,0,0,0,0,0,0,0,0,0,0,0,0,0,0,0,0,0,0,0,0,0,0,0,0,0,0,0,0,0,0,0,0,8,0,0,0,0,0,0,0,0,0,0,0,0,0,0,0,0,0,0,0,0,0,0,0,0,0,0,0,0
0,0,0,0,0,0,0,0,0,0,0,0,0,0,0,0,0,0,0,0,0,0,0,0,0,0,0,0,0,0,0,0,0,0,0,0,0,0,0,0,0,0,0,0,0,0,0,0,0,0,0,0,0,0,0,0,0,0,0,0,0,0,0,0,0,0,0,0,0,0,0,0,0,0,0,0,0,0,0,0,0,0,0,0,0,0,0,0,0,0,0,0,0,0,0,0,0,0,0,0,0,0,0,0,0,0,0,0,0,0,0,0,0,0,0,0,0,0,0,0,0,0,0,0,0,0,0,0,0,0,0,0,0,0,0,0,0,0,0,0,0,0,0,0,0,0,0,0,0,0,0,0,0,0,0,0,0,0,0,0,0,0,0,0,0,0,0,0,0,0,0,0,0,0,0,0,0,0,0,0,0,0,0,0,0,0,0,0,0,0,0,0,0,0,0,0,0
0,0,0,0,0,0,0,0,0,0,0,0,0,0,0,0,0,0,0,0,0,0,0,0,0,0,0,0,0,0,0,0,0,0,0,0,0,0,0,0,0,0,0,0,0,0,0,0,0,0,0,0,0,0,0,0,0,0,0,0,0,0,0,0,0,0,0,0,0,0,0,0,0,0,0,0,0,0,0,0,0,0,0,0,0,0,0,0,0,0,0,0,0,0,0,0,0,0,0,0,0,0,0,0,0,0,0,0,0,0,0,0,0,0,0,0,0,0,0,0,0,0,0,0,0,0,0,0,0,0,0,0,0,0,0,0,0,0,0,0,0,0,0,0,0,0,0,0,0,0,0,0,0,0,0,0,0,0,0,0,0,0,0,0,0,0,0,0,0,0,0,0,0,0,0,0,0,0,0,0,0,0,0,0,0,0,0,0,0,0,0,0,0,0,0,0,0
0,0,0,0,0,0,0,0,0,0,0,0,0,0,0,0,0,0,0,0,0,0,0,0,0,0,0,0,0,0,0,0,0,0,0,0,0,0,0,0,0,0,0,0,0,0,0,0,0,0,0,0,0,0,0,0,0,0,0,0,0,0,0,0,0,0,0,0,0,0,0,0,0,0,0,0,0,0,0,0,0,0,0,0,0,0,0,0,0,0,0,0,0,0,0,0,0,0,0,0,0,0,0,0,0,0,0,0,0,0,0,0,0,0,0,0,0,0,0,0,0,0,0,0,0,0,0,0,0,0,0,0,0,0,0,0,0,0,0,0,0,0,0,0,0,0,0,0,0,0,0,0,0,0,0,0,0,0,0,0,0,0,0,0,0,0,0,0,0,0,0,0,0,0,0,0,0,0,0,0,0,0,0,0,0,0,0,0,0,0,0,0,0,0,0,0,0
0,0,0,0,0,0,0,0,0,0,0,0,0,0,0,0,0,0,0,0,0,0,0,0,0,0,0,0,0,0,0,0,0,0,0,0,0,0,0,0,0,0,0,0,0,0,0,0,0,0,0,0,0,0,0,0,0,0,0,0,0,0,0,0,0,0,0,0,0,0,0,0,0,0,0,0,0,0,0,0,0,0,0,0,0,0,0,0,0,0,0,0,0,0,0,0,0,0,0,0,0,0,0,0,0,0,0,0,0,0,0,0,0,0,0,0,0,0,0,0,0,0,0,0,0,0,0,0,0,0,0,0,0,0,0,0,0,0,0,0,0,0,0,0,0,0,0,0,0,0,0,0,0,0,0,0,0,0,0,0,0,0,0,0,0,0,0,0,0,0,0,0,0,0,0,0,0,0,0,0,0,0,0,0,0,0,0,0,0,0,0,0,0,0,0,0,0
0,0,0,0,0,0,0,0,0,0,0,0,0,0,0,0,0,0,0,0,0,0,0,0,0,0,0,0,0,0,0,0,0,0,0,0,0,0,0,0,0,0,0,0,0,0,0,0,0,0,0,0,0,0,0,0,0,0,0,0,0,0,0,0,0,0,0,0,0,0,0,0,0,0,0,0,0,0,0,0,0,0,0,0,0,0,0,0,0,0,0,0,0,0,0,0,0,0,0,0,0,0,0,0,0,0,0,0,0,0,0,0,0,0,0,0,0,0,0,0,0,0,0,0,0,0,0,0,0,0,0,0,0,0,0,0,0,0,0,0,0,0,0,0,0,0,0,0,0,0,0,0,0,0,0,0,0,0,0,0,0,0,0,0,0,0,0,0,0,0,0,0,0,0,0,0,0,0,0,0,0,0,0,0,0,0,0,0,0,0,0,0,0,0,0,0,0
0,0,0,0,0,0,0,0,0,0,0,0,0,0,0,0,0,0,0,0,0,0,0,0,0,0,0,0,0,0,0,0,0,0,0,0,0,0,0,0,0,0,0,0,0,0,0,0,0,0,0,0,0,0,0,0,0,0,0,0,0,0,0,0,0,0,0,0,0,0,0,0,0,0,0,0,0,0,0,0,0,0,0,0,0,0,0,0,0,0,0,0,0,0,0,0,0,0,0,0,0,0,0,0,0,0,0,0,0,0,0,0,0,0,0,0,0,0,0,0,0,0,0,0,0,0,0,0,0,0,0,0,0,0,0,0,0,0,0,0,0,0,0,0,0,0,0,0,0,0,0,0,0,0,0,0,0,0,0,0,0,0,0,0,0,0,0,0,0,0,0,0,0,0,0,0,0,0,0,0,0,0,0,0,0,0,0,0,0,0,0,0,0,0,0,0,0
0,0,0,0,0,0,0,0,0,0,0,0,0,0,0,0,0,0,0,0,0,0,0,0,0,0,0,0,0,0,0,0,0,0,0,0,0,0,0,0,0,0,0,0,0,0,0,0,0,0,0,0,0,0,0,0,0,0,0,0,0,0,0,0,0,0,0,0,0,0,0,0,0,0,0,0,0,0,0,0,0,0,0,0,0,0,0,0,0,0,0,0,0,0,0,0,0,0,0,0,0,0,0,0,0,0,0,0,0,0,0,0,0,0,0,0,0,0,0,0,0,0,0,0,0,0,0,0,0,0,0,0,0,0,0,0,0,0,0,0,0,0,0,0,0,0,0,0,0,0,0,0,0,0,0,0,0,0,0,0,0,0,0,0,0,0,0,0,0,0,0,0,0,0,0,0,0,0,0,0,0,0,0,0,0,0,0,0,0,0,0,0,0,0,0,0,0
0,0,0,0,0,0,0,0,0,0,0,0,0,0,0,0,0,0,0,0,0,0,0,0,0,0,0,0,0,0,0,0,0,0,0,0,0,0,0,0,0,0,0,0,0,0,0,0,0,0,0,0,0,0,0,0,0,0,0,0,0,0,0,0,0,0,0,0,0,0,0,0,0,0,0,0,0,0,0,0,0,0,0,0,0,0,0,0,0,0,0,0,0,0,0,0,0,0,0,0,0,0,0,0,0,0,0,0,0,0,0,0,0,0,0,0,0,0,0,0,0,0,0,0,0,0,0,0,0,0,0,0,0,0,0,0,0,0,0,0,0,0,0,0,0,0,0,0,0,0,0,0,0,0,0,0,0,0,0,0,0,0,0,0,0,0,0,0,0,0,0,0,0,0,0,0,0,0,0,0,0,0,0,0,0,0,0,0,0,0,0,0,0,0,0,0,0
0,0,0,0,0,0,0,0,0,0,0,0,0,0,0,0,0,0,0,0,0,0,0,0,0,0,0,0,0,0,0,0,0,0,0,0,0,0,0,0,0,0,0,0,0,0,0,0,0,0,0,0,0,0,0,0,0,0,0,0,0,0,0,0,0,0,0,0,0,0,0,0,0,0,0,0,0,0,0,0,0,0,0,0,0,0,0,0,0,0,0,0,0,0,0,0,0,0,0,0,0,0,0,0,0,0,0,0,0,0,0,0,0,0,0,0,0,0,0,0,0,0,0,0,0,0,0,0,0,0,0,0,0,0,0,0,0,0,0,0,0,0,0,0,0,0,0,0,0,0,0,0,0,0,0,0,0,0,0,0,0,0,0,0,0,0,0,0,0,0,0,0,0,0,0,0,0,0,0,0,0,0,0,0,0,0,0,0,0,0,0,0,0,0,0,0,0
